<?xml version="1.0" encoding="UTF-8"?>
<package id="1" uuid="6232c77f-13f2-4cbb-8fcc-be1db6880006">
  <dateCreated id="2">2019-06-25 09:18:58</dateCreated>
  <name>iSantePlus custom dictionary part4</name>
  <description>Concept metadata for iSantePlus custom dictionary part 4</description>
  <openmrsVersion>2.0.5 SNAPSHOT Build 0</openmrsVersion>
  <version>1</version>
  <groupUuid>dbb27018-acc4-4439-9e5f-f29432495e56</groupUuid>
  <modules id="3">
    <entry>
      <string>calculation</string>
      <string>1.2</string>
    </entry>
    <entry>
      <string>legacyui</string>
      <string>1.3.1</string>
    </entry>
    <entry>
      <string>referenceapplication</string>
      <string>2.6.0</string>
    </entry>
    <entry>
      <string>labintegration</string>
      <string>1.0.0-SNAPSHOT</string>
    </entry>
    <entry>
      <string>metadatadeploy</string>
      <string>1.8.1</string>
    </entry>
    <entry>
      <string>outgoing-message-exceptions</string>
      <string>1.0.0</string>
    </entry>
    <entry>
      <string>appointmentscheduling</string>
      <string>1.8.0</string>
    </entry>
    <entry>
      <string>atlas</string>
      <string>2.2</string>
    </entry>
    <entry>
      <string>metadatasharing</string>
      <string>1.2.2</string>
    </entry>
    <entry>
      <string>appointmentschedulingui</string>
      <string>1.6.0</string>
    </entry>
    <entry>
      <string>allergyui</string>
      <string>1.7.0</string>
    </entry>
    <entry>
      <string>formentryapp</string>
      <string>1.4.2-SNAPSHOT</string>
    </entry>
    <entry>
      <string>chartsearch</string>
      <string>2.0</string>
    </entry>
    <entry>
      <string>isanteplusreports</string>
      <string>1.0</string>
    </entry>
    <entry>
      <string>providermanagement</string>
      <string>2.6.0</string>
    </entry>
    <entry>
      <string>haiticore</string>
      <string>1.0.0-SNAPSHOT</string>
    </entry>
    <entry>
      <string>htmlwidgets</string>
      <string>1.9.0</string>
    </entry>
    <entry>
      <string>dataexchange</string>
      <string>1.3.2</string>
    </entry>
    <entry>
      <string>addresshierarchy</string>
      <string>2.11.0-SNAPSHOT</string>
    </entry>
    <entry>
      <string>reportingrest</string>
      <string>1.8.0</string>
    </entry>
    <entry>
      <string>uiframework</string>
      <string>3.11.0</string>
    </entry>
    <entry>
      <string>reportingui</string>
      <string>1.3.0</string>
    </entry>
    <entry>
      <string>referencemetadata</string>
      <string>2.7.0-SNAPSHOT</string>
    </entry>
    <entry>
      <string>event</string>
      <string>2.5</string>
    </entry>
    <entry>
      <string>uicommons</string>
      <string>2.4.0-SNAPSHOT</string>
    </entry>
    <entry>
      <string>patientflags</string>
      <string>2.0.0-SNAPSHOT</string>
    </entry>
    <entry>
      <string>reporting</string>
      <string>1.12.0</string>
    </entry>
    <entry>
      <string>emrapi</string>
      <string>1.21.0</string>
    </entry>
    <entry>
      <string>registrationapp</string>
      <string>1.10.0-SNAPSHOT</string>
    </entry>
    <entry>
      <string>idgen</string>
      <string>4.4.1</string>
    </entry>
    <entry>
      <string>htmlformentryui</string>
      <string>1.6.3</string>
    </entry>
    <entry>
      <string>htmlformentry</string>
      <string>3.3.2</string>
    </entry>
    <entry>
      <string>reportingcompatibility</string>
      <string>2.0.2</string>
    </entry>
    <entry>
      <string>uilibrary</string>
      <string>2.0.4</string>
    </entry>
    <entry>
      <string>m2sys-biometrics</string>
      <string>1.0.0</string>
    </entry>
    <entry>
      <string>appframework</string>
      <string>2.10.0</string>
    </entry>
    <entry>
      <string>isanteplus</string>
      <string>1.2-SNAPSHOT</string>
    </entry>
    <entry>
      <string>webservices.rest</string>
      <string>2.19.0.f2b4a2</string>
    </entry>
    <entry>
      <string>adminui</string>
      <string>1.2.3-SNAPSHOT</string>
    </entry>
    <entry>
      <string>xds-sender</string>
      <string>1.0.0</string>
    </entry>
    <entry>
      <string>registrationcore</string>
      <string>1.7.2-SNAPSHOT</string>
    </entry>
    <entry>
      <string>owa</string>
      <string>1.7.0</string>
    </entry>
    <entry>
      <string>metadatamapping</string>
      <string>1.3.2</string>
    </entry>
    <entry>
      <string>coreapps</string>
      <string>1.19.0-SNAPSHOT</string>
    </entry>
    <entry>
      <string>appui</string>
      <string>1.9.0-SNAPSHOT</string>
    </entry>
    <entry>
      <string>serialization.xstream</string>
      <string>0.2.12</string>
    </entry>
  </modules>
  <items class="linked-hash-set" id="4">
    <org.openmrs.module.metadatasharing.Item id="5" uuid="df47e128-268f-4238-9b13-f829c01ae7d8">
      <id>509165678</id>
      <classname>org.openmrs.Concept</classname>
      <dateChanged id="6">2019-06-19 17:04:37</dateChanged>
      <retired>false</retired>
    </org.openmrs.module.metadatasharing.Item>
    <org.openmrs.module.metadatasharing.Item id="7" uuid="5392c31c-0432-4210-99e1-7698d4470eec">
      <id>509165679</id>
      <classname>org.openmrs.Concept</classname>
      <dateChanged id="8">2019-06-24 15:22:03</dateChanged>
      <retired>false</retired>
    </org.openmrs.module.metadatasharing.Item>
    <org.openmrs.module.metadatasharing.Item id="9" uuid="a3e61f72-6066-4af6-94e5-958458c04418">
      <id>509165681</id>
      <classname>org.openmrs.Concept</classname>
      <dateChanged id="10">2019-06-24 15:24:14</dateChanged>
      <retired>false</retired>
    </org.openmrs.module.metadatasharing.Item>
    <org.openmrs.module.metadatasharing.Item id="11" uuid="da351ae6-b482-441d-9c47-2242e5600c1d">
      <id>509165680</id>
      <classname>org.openmrs.Concept</classname>
      <dateChanged id="12">2019-06-24 15:22:58</dateChanged>
      <retired>false</retired>
    </org.openmrs.module.metadatasharing.Item>
  </items>
  <relatedItems class="linked-hash-set" id="13">
    <org.openmrs.module.metadatasharing.Item id="14" uuid="8d4a4c94-c2cc-11de-8d13-0010c6dffd0f">
      <id>4</id>
      <classname>org.openmrs.ConceptDatatype</classname>
      <dateChanged id="15">2004-02-02 00:00:00</dateChanged>
      <retired>false</retired>
    </org.openmrs.module.metadatasharing.Item>
    <org.openmrs.module.metadatasharing.Item id="16" uuid="8d492774-c2cc-11de-8d13-0010c6dffd0f">
      <id>11</id>
      <classname>org.openmrs.ConceptClass</classname>
      <dateChanged id="17">2004-03-02 00:00:00</dateChanged>
      <retired>false</retired>
    </org.openmrs.module.metadatasharing.Item>
    <org.openmrs.module.metadatasharing.Item id="18" uuid="93aacc64-1f2b-4426-a98d-832a3900c0a3">
      <id>142867</id>
      <classname>org.openmrs.ConceptName</classname>
      <dateChanged id="19">2019-06-19 17:04:37</dateChanged>
    </org.openmrs.module.metadatasharing.Item>
    <org.openmrs.module.metadatasharing.Item id="20" uuid="0ae9037d-ba73-4684-897b-3166c9888fc6">
      <id>142868</id>
      <classname>org.openmrs.ConceptName</classname>
      <dateChanged id="21">2019-06-19 17:04:37</dateChanged>
    </org.openmrs.module.metadatasharing.Item>
    <org.openmrs.module.metadatasharing.Item id="22" uuid="8d4a4ab4-c2cc-11de-8d13-0010c6dffd0f">
      <id>3</id>
      <classname>org.openmrs.ConceptDatatype</classname>
      <dateChanged id="23">2004-02-02 00:00:00</dateChanged>
      <retired>false</retired>
    </org.openmrs.module.metadatasharing.Item>
    <org.openmrs.module.metadatasharing.Item id="24" uuid="06bb7a85-ff71-4deb-8695-f01e68b806e3">
      <id>142869</id>
      <classname>org.openmrs.ConceptName</classname>
      <dateChanged id="25">2019-06-24 15:22:03</dateChanged>
    </org.openmrs.module.metadatasharing.Item>
    <org.openmrs.module.metadatasharing.Item id="26" uuid="233bcbf1-8757-4f58-9e41-f00f301fe719">
      <id>142870</id>
      <classname>org.openmrs.ConceptName</classname>
      <dateChanged id="27">2019-06-24 15:22:03</dateChanged>
    </org.openmrs.module.metadatasharing.Item>
    <org.openmrs.module.metadatasharing.Item id="28" uuid="8d4a48b6-c2cc-11de-8d13-0010c6dffd0f">
      <id>2</id>
      <classname>org.openmrs.ConceptDatatype</classname>
      <dateChanged id="29">2004-02-02 00:00:00</dateChanged>
      <retired>false</retired>
    </org.openmrs.module.metadatasharing.Item>
    <org.openmrs.module.metadatasharing.Item id="30" uuid="8d491a9a-c2cc-11de-8d13-0010c6dffd0f">
      <id>5</id>
      <classname>org.openmrs.ConceptClass</classname>
      <dateChanged id="31">2004-03-02 00:00:00</dateChanged>
      <retired>false</retired>
    </org.openmrs.module.metadatasharing.Item>
    <org.openmrs.module.metadatasharing.Item id="32" uuid="97cbc6fe-4977-4189-9c3d-f9e11f9f7c0a">
      <id>142873</id>
      <classname>org.openmrs.ConceptName</classname>
      <dateChanged id="33">2019-06-24 15:24:14</dateChanged>
    </org.openmrs.module.metadatasharing.Item>
    <org.openmrs.module.metadatasharing.Item id="34" uuid="7b63e601-1890-4f34-9a33-4f8a35153041">
      <id>142874</id>
      <classname>org.openmrs.ConceptName</classname>
      <dateChanged id="35">2019-06-24 15:24:14</dateChanged>
    </org.openmrs.module.metadatasharing.Item>
    <org.openmrs.module.metadatasharing.Item id="36" uuid="3bf7c307-097a-444b-a6fb-c28dfee0a816">
      <id>142871</id>
      <classname>org.openmrs.ConceptName</classname>
      <dateChanged id="37">2019-06-24 15:22:58</dateChanged>
    </org.openmrs.module.metadatasharing.Item>
    <org.openmrs.module.metadatasharing.Item id="38" uuid="df96f2fd-8cdf-4825-a6b0-2d359ab840d4">
      <id>142872</id>
      <classname>org.openmrs.ConceptName</classname>
      <dateChanged id="39">2019-06-24 15:22:58</dateChanged>
    </org.openmrs.module.metadatasharing.Item>
  </relatedItems>
</package>
