<?xml version="1.0" encoding="UTF-8"?>
<list id="1">
  <org.openmrs.Concept id="2" uuid="df47e128-268f-4238-9b13-f829c01ae7d8">
    <conceptId>509165678</conceptId>
    <retired>false</retired>
    <datatype id="3" resolves-to="org.openmrs.ConceptDatatype" uuid="8d4a4c94-c2cc-11de-8d13-0010c6dffd0f">
      <name>N/A</name>
      <description>Not associated with a datatype (e.g., term answers, sets)</description>
      <creator/>
      <dateCreated id="4">2004-02-02 00:00:00</dateCreated>
      <retired>false</retired>
      <retiredBy/>
      <conceptDatatypeId>4</conceptDatatypeId>
      <hl7Abbreviation>ZZ</hl7Abbreviation>
    </datatype>
    <conceptClass id="5" resolves-to="org.openmrs.ConceptClass" uuid="8d492774-c2cc-11de-8d13-0010c6dffd0f">
      <name>Misc</name>
      <description>Terms which don&apos;t fit other categories</description>
      <creator/>
      <dateCreated id="6">2004-03-02 00:00:00</dateCreated>
      <retired>false</retired>
      <retiredBy/>
      <conceptClassId>11</conceptClassId>
    </conceptClass>
    <set>false</set>
    <creator/>
    <dateCreated id="7">2019-06-19 17:04:37</dateCreated>
    <changedBy/>
    <dateChanged id="8">2019-06-19 17:04:37</dateChanged>
    <names class="set" id="9">
      <org.openmrs.ConceptName id="10" uuid="93aacc64-1f2b-4426-a98d-832a3900c0a3">
        <conceptNameId>142867</conceptNameId>
        <concept reference="2"/>
        <name>Heterosexual intercourse with Blood transfusion person group</name>
        <locale id="11">en</locale>
        <creator/>
        <dateCreated id="12">2019-06-19 17:04:37</dateCreated>
        <voided>false</voided>
        <tags class="set" id="13"/>
        <conceptNameType>FULLY_SPECIFIED</conceptNameType>
        <localePreferred>true</localePreferred>
      </org.openmrs.ConceptName>
      <org.openmrs.ConceptName id="14" uuid="0ae9037d-ba73-4684-897b-3166c9888fc6">
        <conceptNameId>142868</conceptNameId>
        <concept reference="2"/>
        <name>Rapports hétérosexuelles avec bénéficiaire de sang/dérivé sanguin groupe</name>
        <locale id="15">fr</locale>
        <creator/>
        <dateCreated id="16">2019-06-19 17:04:37</dateCreated>
        <voided>false</voided>
        <tags class="set" id="17"/>
        <conceptNameType>FULLY_SPECIFIED</conceptNameType>
        <localePreferred>true</localePreferred>
      </org.openmrs.ConceptName>
    </names>
    <answers class="set" id="18"/>
    <conceptSets class="set" id="19"/>
    <descriptions class="set" id="20"/>
    <conceptMappings class="set" id="21"/>
    <attributes id="22"/>
  </org.openmrs.Concept>
  <org.openmrs.Concept id="23" uuid="5392c31c-0432-4210-99e1-7698d4470eec">
    <conceptId>509165679</conceptId>
    <retired>false</retired>
    <datatype id="24" resolves-to="org.openmrs.ConceptDatatype" uuid="8d4a4ab4-c2cc-11de-8d13-0010c6dffd0f">
      <name>Text</name>
      <description>Free text</description>
      <creator/>
      <dateCreated id="25">2004-02-02 00:00:00</dateCreated>
      <retired>false</retired>
      <retiredBy/>
      <conceptDatatypeId>3</conceptDatatypeId>
      <hl7Abbreviation>ST</hl7Abbreviation>
    </datatype>
    <conceptClass reference="5"/>
    <set>false</set>
    <creator/>
    <dateCreated id="26">2019-06-24 15:22:03</dateCreated>
    <changedBy/>
    <dateChanged id="27">2019-06-24 15:22:03</dateChanged>
    <names class="set" id="28">
      <org.openmrs.ConceptName id="29" uuid="06bb7a85-ff71-4deb-8695-f01e68b806e3">
        <conceptNameId>142869</conceptNameId>
        <concept reference="23"/>
        <name>Specify other risk</name>
        <locale id="30">en</locale>
        <creator/>
        <dateCreated id="31">2019-06-24 15:22:03</dateCreated>
        <voided>false</voided>
        <tags class="set" id="32"/>
        <conceptNameType>FULLY_SPECIFIED</conceptNameType>
        <localePreferred>true</localePreferred>
      </org.openmrs.ConceptName>
      <org.openmrs.ConceptName id="33" uuid="233bcbf1-8757-4f58-9e41-f00f301fe719">
        <conceptNameId>142870</conceptNameId>
        <concept reference="23"/>
        <name>Autre risque spécifier</name>
        <locale id="34">fr</locale>
        <creator/>
        <dateCreated id="35">2019-06-24 15:22:03</dateCreated>
        <voided>false</voided>
        <tags class="set" id="36"/>
        <conceptNameType>FULLY_SPECIFIED</conceptNameType>
        <localePreferred>true</localePreferred>
      </org.openmrs.ConceptName>
    </names>
    <answers class="set" id="37"/>
    <conceptSets class="set" id="38"/>
    <descriptions class="set" id="39"/>
    <conceptMappings class="set" id="40"/>
    <attributes id="41"/>
  </org.openmrs.Concept>
  <org.openmrs.Concept id="42" uuid="a3e61f72-6066-4af6-94e5-958458c04418">
    <conceptId>509165681</conceptId>
    <retired>false</retired>
    <datatype id="43" resolves-to="org.openmrs.ConceptDatatype" uuid="8d4a48b6-c2cc-11de-8d13-0010c6dffd0f">
      <name>Coded</name>
      <description>Value determined by term dictionary lookup (i.e., term identifier)</description>
      <creator/>
      <dateCreated id="44">2004-02-02 00:00:00</dateCreated>
      <retired>false</retired>
      <retiredBy/>
      <conceptDatatypeId>2</conceptDatatypeId>
      <hl7Abbreviation>CWE</hl7Abbreviation>
    </datatype>
    <conceptClass id="45" resolves-to="org.openmrs.ConceptClass" uuid="8d491a9a-c2cc-11de-8d13-0010c6dffd0f">
      <name>Finding</name>
      <description>Practitioner observation/finding</description>
      <creator/>
      <dateCreated id="46">2004-03-02 00:00:00</dateCreated>
      <retired>false</retired>
      <retiredBy/>
      <conceptClassId>5</conceptClassId>
    </conceptClass>
    <set>false</set>
    <creator/>
    <dateCreated id="47">2019-06-24 15:24:14</dateCreated>
    <changedBy/>
    <dateChanged id="48">2019-06-24 15:24:14</dateChanged>
    <names class="set" id="49">
      <org.openmrs.ConceptName id="50" uuid="97cbc6fe-4977-4189-9c3d-f9e11f9f7c0a">
        <conceptNameId>142873</conceptNameId>
        <concept reference="42"/>
        <name>History or presence of TB</name>
        <locale id="51">en</locale>
        <creator/>
        <dateCreated id="52">2019-06-24 15:24:14</dateCreated>
        <voided>false</voided>
        <tags class="set" id="53"/>
        <conceptNameType>FULLY_SPECIFIED</conceptNameType>
        <localePreferred>true</localePreferred>
      </org.openmrs.ConceptName>
      <org.openmrs.ConceptName id="54" uuid="7b63e601-1890-4f34-9a33-4f8a35153041">
        <conceptNameId>142874</conceptNameId>
        <concept reference="42"/>
        <name>Histoire ou présence de TB</name>
        <locale id="55">fr</locale>
        <creator/>
        <dateCreated id="56">2019-06-24 15:24:14</dateCreated>
        <voided>false</voided>
        <tags class="set" id="57"/>
        <conceptNameType>FULLY_SPECIFIED</conceptNameType>
        <localePreferred>true</localePreferred>
      </org.openmrs.ConceptName>
    </names>
    <answers class="set" id="58"/>
    <conceptSets class="set" id="59"/>
    <descriptions class="set" id="60"/>
    <conceptMappings class="set" id="61"/>
    <attributes id="62"/>
  </org.openmrs.Concept>
  <org.openmrs.Concept id="63" uuid="da351ae6-b482-441d-9c47-2242e5600c1d">
    <conceptId>509165680</conceptId>
    <retired>false</retired>
    <datatype reference="24"/>
    <conceptClass reference="45"/>
    <set>false</set>
    <creator/>
    <dateCreated id="64">2019-06-24 15:22:58</dateCreated>
    <changedBy/>
    <dateChanged id="65">2019-06-24 15:22:58</dateChanged>
    <names class="set" id="66">
      <org.openmrs.ConceptName id="67" uuid="3bf7c307-097a-444b-a6fb-c28dfee0a816">
        <conceptNameId>142871</conceptNameId>
        <concept reference="63"/>
        <name>CoInfection</name>
        <locale id="68">en</locale>
        <creator/>
        <dateCreated id="69">2019-06-24 15:22:58</dateCreated>
        <voided>false</voided>
        <tags class="set" id="70"/>
        <conceptNameType>FULLY_SPECIFIED</conceptNameType>
        <localePreferred>true</localePreferred>
      </org.openmrs.ConceptName>
      <org.openmrs.ConceptName id="71" uuid="df96f2fd-8cdf-4825-a6b0-2d359ab840d4">
        <conceptNameId>142872</conceptNameId>
        <concept reference="63"/>
        <name>CoInfection</name>
        <locale id="72">fr</locale>
        <creator/>
        <dateCreated id="73">2019-06-24 15:22:58</dateCreated>
        <voided>false</voided>
        <tags class="set" id="74"/>
        <conceptNameType>FULLY_SPECIFIED</conceptNameType>
        <localePreferred>true</localePreferred>
      </org.openmrs.ConceptName>
    </names>
    <answers class="set" id="75"/>
    <conceptSets class="set" id="76"/>
    <descriptions class="set" id="77"/>
    <conceptMappings class="set" id="78"/>
    <attributes id="79"/>
  </org.openmrs.Concept>
</list>
