<?xml version="1.0" encoding="UTF-8"?>
<package id="1" uuid="6c56ef12-953b-4afc-b271-5027db06074f">
  <dateCreated id="2">2019-06-25 09:11:30</dateCreated>
  <name>iSantePlus custom dictionary part2</name>
  <description>Concept metadata for iSantePlus custom dictionary part 1</description>
  <openmrsVersion>2.0.5 SNAPSHOT Build 0</openmrsVersion>
  <version>1</version>
  <groupUuid>e422c017-c6c4-456a-8362-1723efe965b6</groupUuid>
  <modules id="3">
    <entry>
      <string>calculation</string>
      <string>1.2</string>
    </entry>
    <entry>
      <string>legacyui</string>
      <string>1.3.1</string>
    </entry>
    <entry>
      <string>referenceapplication</string>
      <string>2.6.0</string>
    </entry>
    <entry>
      <string>labintegration</string>
      <string>1.0.0-SNAPSHOT</string>
    </entry>
    <entry>
      <string>metadatadeploy</string>
      <string>1.8.1</string>
    </entry>
    <entry>
      <string>outgoing-message-exceptions</string>
      <string>1.0.0</string>
    </entry>
    <entry>
      <string>appointmentscheduling</string>
      <string>1.8.0</string>
    </entry>
    <entry>
      <string>atlas</string>
      <string>2.2</string>
    </entry>
    <entry>
      <string>metadatasharing</string>
      <string>1.2.2</string>
    </entry>
    <entry>
      <string>appointmentschedulingui</string>
      <string>1.6.0</string>
    </entry>
    <entry>
      <string>allergyui</string>
      <string>1.7.0</string>
    </entry>
    <entry>
      <string>formentryapp</string>
      <string>1.4.2-SNAPSHOT</string>
    </entry>
    <entry>
      <string>chartsearch</string>
      <string>2.0</string>
    </entry>
    <entry>
      <string>isanteplusreports</string>
      <string>1.0</string>
    </entry>
    <entry>
      <string>providermanagement</string>
      <string>2.6.0</string>
    </entry>
    <entry>
      <string>haiticore</string>
      <string>1.0.0-SNAPSHOT</string>
    </entry>
    <entry>
      <string>htmlwidgets</string>
      <string>1.9.0</string>
    </entry>
    <entry>
      <string>dataexchange</string>
      <string>1.3.2</string>
    </entry>
    <entry>
      <string>addresshierarchy</string>
      <string>2.11.0-SNAPSHOT</string>
    </entry>
    <entry>
      <string>reportingrest</string>
      <string>1.8.0</string>
    </entry>
    <entry>
      <string>uiframework</string>
      <string>3.11.0</string>
    </entry>
    <entry>
      <string>reportingui</string>
      <string>1.3.0</string>
    </entry>
    <entry>
      <string>referencemetadata</string>
      <string>2.7.0-SNAPSHOT</string>
    </entry>
    <entry>
      <string>event</string>
      <string>2.5</string>
    </entry>
    <entry>
      <string>uicommons</string>
      <string>2.4.0-SNAPSHOT</string>
    </entry>
    <entry>
      <string>patientflags</string>
      <string>2.0.0-SNAPSHOT</string>
    </entry>
    <entry>
      <string>reporting</string>
      <string>1.12.0</string>
    </entry>
    <entry>
      <string>emrapi</string>
      <string>1.21.0</string>
    </entry>
    <entry>
      <string>registrationapp</string>
      <string>1.10.0-SNAPSHOT</string>
    </entry>
    <entry>
      <string>idgen</string>
      <string>4.4.1</string>
    </entry>
    <entry>
      <string>htmlformentryui</string>
      <string>1.6.3</string>
    </entry>
    <entry>
      <string>htmlformentry</string>
      <string>3.3.2</string>
    </entry>
    <entry>
      <string>reportingcompatibility</string>
      <string>2.0.2</string>
    </entry>
    <entry>
      <string>uilibrary</string>
      <string>2.0.4</string>
    </entry>
    <entry>
      <string>m2sys-biometrics</string>
      <string>1.0.0</string>
    </entry>
    <entry>
      <string>appframework</string>
      <string>2.10.0</string>
    </entry>
    <entry>
      <string>isanteplus</string>
      <string>1.2-SNAPSHOT</string>
    </entry>
    <entry>
      <string>webservices.rest</string>
      <string>2.19.0.f2b4a2</string>
    </entry>
    <entry>
      <string>adminui</string>
      <string>1.2.3-SNAPSHOT</string>
    </entry>
    <entry>
      <string>xds-sender</string>
      <string>1.0.0</string>
    </entry>
    <entry>
      <string>registrationcore</string>
      <string>1.7.2-SNAPSHOT</string>
    </entry>
    <entry>
      <string>owa</string>
      <string>1.7.0</string>
    </entry>
    <entry>
      <string>metadatamapping</string>
      <string>1.3.2</string>
    </entry>
    <entry>
      <string>coreapps</string>
      <string>1.19.0-SNAPSHOT</string>
    </entry>
    <entry>
      <string>appui</string>
      <string>1.9.0-SNAPSHOT</string>
    </entry>
    <entry>
      <string>serialization.xstream</string>
      <string>0.2.12</string>
    </entry>
  </modules>
  <items class="linked-hash-set" id="4">
    <org.openmrs.module.metadatasharing.Item id="5" uuid="3207d804-1459-4e7f-b980-294d59869ba4">
      <id>509165571</id>
      <classname>org.openmrs.Concept</classname>
      <dateChanged id="6">2019-06-17 09:11:10</dateChanged>
      <retired>false</retired>
    </org.openmrs.module.metadatasharing.Item>
    <org.openmrs.module.metadatasharing.Item id="7" uuid="10f8264c-ec50-403e-a64c-b2a67394cdc3">
      <id>509165535</id>
      <classname>org.openmrs.Concept</classname>
      <dateChanged id="8">2019-06-17 08:38:26</dateChanged>
      <retired>false</retired>
    </org.openmrs.module.metadatasharing.Item>
    <org.openmrs.module.metadatasharing.Item id="9" uuid="ec759c3e-5731-46c1-af4d-2b18d84f0e39">
      <id>509165551</id>
      <classname>org.openmrs.Concept</classname>
      <dateChanged id="10">2019-06-17 08:53:13</dateChanged>
      <retired>false</retired>
    </org.openmrs.module.metadatasharing.Item>
    <org.openmrs.module.metadatasharing.Item id="11" uuid="c2b1f369-42b6-4919-bf68-e8bbf452d996">
      <id>509165570</id>
      <classname>org.openmrs.Concept</classname>
      <dateChanged id="12">2019-06-17 09:10:14</dateChanged>
      <retired>false</retired>
    </org.openmrs.module.metadatasharing.Item>
    <org.openmrs.module.metadatasharing.Item id="13" uuid="6a7bb61a-c06f-4e1c-afd9-d5aac4c89a4e">
      <id>509165555</id>
      <classname>org.openmrs.Concept</classname>
      <dateChanged id="14">2019-06-17 08:56:07</dateChanged>
      <retired>false</retired>
    </org.openmrs.module.metadatasharing.Item>
    <org.openmrs.module.metadatasharing.Item id="15" uuid="7a852bb5-8cd5-4973-a8b9-6282b4700940">
      <id>509165544</id>
      <classname>org.openmrs.Concept</classname>
      <dateChanged id="16">2019-06-17 08:44:57</dateChanged>
      <retired>false</retired>
    </org.openmrs.module.metadatasharing.Item>
    <org.openmrs.module.metadatasharing.Item id="17" uuid="95a2c4a1-7f11-479f-af12-86884d322e38">
      <id>509165586</id>
      <classname>org.openmrs.Concept</classname>
      <dateChanged id="18">2019-06-17 09:21:40</dateChanged>
      <retired>false</retired>
    </org.openmrs.module.metadatasharing.Item>
    <org.openmrs.module.metadatasharing.Item id="19" uuid="f7c0d4e9-edf3-4b98-9efe-e1b1a66a802d">
      <id>509165597</id>
      <classname>org.openmrs.Concept</classname>
      <dateChanged id="20">2019-06-17 09:29:39</dateChanged>
      <retired>false</retired>
    </org.openmrs.module.metadatasharing.Item>
    <org.openmrs.module.metadatasharing.Item id="21" uuid="baf17261-b9dc-4cbc-8576-1fb2f525687d">
      <id>509165574</id>
      <classname>org.openmrs.Concept</classname>
      <dateChanged id="22">2019-06-17 09:13:23</dateChanged>
      <retired>false</retired>
    </org.openmrs.module.metadatasharing.Item>
    <org.openmrs.module.metadatasharing.Item id="23" uuid="d20261bc-4b88-46c8-ad4e-7761e8c784b3">
      <id>509165589</id>
      <classname>org.openmrs.Concept</classname>
      <dateChanged id="24">2019-06-17 09:23:46</dateChanged>
      <retired>false</retired>
    </org.openmrs.module.metadatasharing.Item>
    <org.openmrs.module.metadatasharing.Item id="25" uuid="57fa4e3e-3cfa-4d81-a202-93923fd767c5">
      <id>509165530</id>
      <classname>org.openmrs.Concept</classname>
      <dateChanged id="26">2019-06-17 08:34:13</dateChanged>
      <retired>false</retired>
    </org.openmrs.module.metadatasharing.Item>
    <org.openmrs.module.metadatasharing.Item id="27" uuid="9bf8f337-e398-41bc-97ed-6ce3b2681181">
      <id>509165532</id>
      <classname>org.openmrs.Concept</classname>
      <dateChanged id="28">2019-06-17 08:35:56</dateChanged>
      <retired>false</retired>
    </org.openmrs.module.metadatasharing.Item>
    <org.openmrs.module.metadatasharing.Item id="29" uuid="9b40808d-7090-4a01-a718-a07cc87edc56">
      <id>509165531</id>
      <classname>org.openmrs.Concept</classname>
      <dateChanged id="30">2019-06-17 08:35:08</dateChanged>
      <retired>false</retired>
    </org.openmrs.module.metadatasharing.Item>
    <org.openmrs.module.metadatasharing.Item id="31" uuid="ca1ee0b6-c1f9-429e-8003-52935995d673">
      <id>509165569</id>
      <classname>org.openmrs.Concept</classname>
      <dateChanged id="32">2019-06-17 09:09:23</dateChanged>
      <retired>false</retired>
    </org.openmrs.module.metadatasharing.Item>
    <org.openmrs.module.metadatasharing.Item id="33" uuid="5777e77f-5cd1-49b9-877b-817aad011b3b">
      <id>509165575</id>
      <classname>org.openmrs.Concept</classname>
      <dateChanged id="34">2019-06-17 09:14:08</dateChanged>
      <retired>false</retired>
    </org.openmrs.module.metadatasharing.Item>
    <org.openmrs.module.metadatasharing.Item id="35" uuid="4b0e591c-a32a-479f-92b8-5c7828a05e0c">
      <id>509165566</id>
      <classname>org.openmrs.Concept</classname>
      <dateChanged id="36">2019-06-17 09:07:16</dateChanged>
      <retired>false</retired>
    </org.openmrs.module.metadatasharing.Item>
    <org.openmrs.module.metadatasharing.Item id="37" uuid="cf78715b-3d84-4eed-ab1c-b44ed7a42131">
      <id>509165600</id>
      <classname>org.openmrs.Concept</classname>
      <dateChanged id="38">2019-06-17 09:31:49</dateChanged>
      <retired>false</retired>
    </org.openmrs.module.metadatasharing.Item>
    <org.openmrs.module.metadatasharing.Item id="39" uuid="30d2b9eb-0a2f-4b0a-9ae9-31476ec13ed6">
      <id>509165565</id>
      <classname>org.openmrs.Concept</classname>
      <dateChanged id="40">2019-06-17 09:06:32</dateChanged>
      <retired>false</retired>
    </org.openmrs.module.metadatasharing.Item>
    <org.openmrs.module.metadatasharing.Item id="41" uuid="94915e7f-d8f7-4f68-a41d-24b86a53540c">
      <id>509165568</id>
      <classname>org.openmrs.Concept</classname>
      <dateChanged id="42">2019-06-17 09:08:38</dateChanged>
      <retired>false</retired>
    </org.openmrs.module.metadatasharing.Item>
    <org.openmrs.module.metadatasharing.Item id="43" uuid="2b97f41a-587e-4afa-83ba-33fb1094219a">
      <id>509165558</id>
      <classname>org.openmrs.Concept</classname>
      <dateChanged id="44">2019-06-17 08:59:46</dateChanged>
      <retired>false</retired>
    </org.openmrs.module.metadatasharing.Item>
    <org.openmrs.module.metadatasharing.Item id="45" uuid="35f402b6-64e8-4980-8ad4-0eec26142c53">
      <id>509165601</id>
      <classname>org.openmrs.Concept</classname>
      <dateChanged id="46">2019-06-17 09:32:26</dateChanged>
      <retired>false</retired>
    </org.openmrs.module.metadatasharing.Item>
    <org.openmrs.module.metadatasharing.Item id="47" uuid="60ab1ea8-ce9a-41a0-ad19-60870bdfdb18">
      <id>509165546</id>
      <classname>org.openmrs.Concept</classname>
      <dateChanged id="48">2019-06-17 08:49:32</dateChanged>
      <retired>false</retired>
    </org.openmrs.module.metadatasharing.Item>
    <org.openmrs.module.metadatasharing.Item id="49" uuid="5434271d-2ccd-45f1-82fc-3cc3f874f82d">
      <id>509165533</id>
      <classname>org.openmrs.Concept</classname>
      <dateChanged id="50">2019-06-17 08:36:46</dateChanged>
      <retired>false</retired>
    </org.openmrs.module.metadatasharing.Item>
    <org.openmrs.module.metadatasharing.Item id="51" uuid="98fc479a-9757-4931-bf54-9d32f395d39d">
      <id>509165559</id>
      <classname>org.openmrs.Concept</classname>
      <dateChanged id="52">2019-06-17 09:00:29</dateChanged>
      <retired>false</retired>
    </org.openmrs.module.metadatasharing.Item>
    <org.openmrs.module.metadatasharing.Item id="53" uuid="5e1ab438-8d67-405d-8a16-6f66a0985993">
      <id>509165528</id>
      <classname>org.openmrs.Concept</classname>
      <dateChanged id="54">2019-06-17 08:32:50</dateChanged>
      <retired>false</retired>
    </org.openmrs.module.metadatasharing.Item>
    <org.openmrs.module.metadatasharing.Item id="55" uuid="b148cd09-496d-4a97-8cd5-75500f2d684f">
      <id>509165564</id>
      <classname>org.openmrs.Concept</classname>
      <dateChanged id="56">2019-06-17 09:05:50</dateChanged>
      <retired>false</retired>
    </org.openmrs.module.metadatasharing.Item>
    <org.openmrs.module.metadatasharing.Item id="57" uuid="b0f0d140-0a01-4c71-a803-92b7799e61f4">
      <id>509165567</id>
      <classname>org.openmrs.Concept</classname>
      <dateChanged id="58">2019-06-17 09:07:56</dateChanged>
      <retired>false</retired>
    </org.openmrs.module.metadatasharing.Item>
    <org.openmrs.module.metadatasharing.Item id="59" uuid="23430f2c-3d60-4a8d-89b2-d78b0856af57">
      <id>509165534</id>
      <classname>org.openmrs.Concept</classname>
      <dateChanged id="60">2019-06-17 08:37:38</dateChanged>
      <retired>false</retired>
    </org.openmrs.module.metadatasharing.Item>
    <org.openmrs.module.metadatasharing.Item id="61" uuid="e9f87d1e-c48d-44a2-9d0f-8c61cd1848a4">
      <id>509165541</id>
      <classname>org.openmrs.Concept</classname>
      <dateChanged id="62">2019-06-17 08:42:47</dateChanged>
      <retired>false</retired>
    </org.openmrs.module.metadatasharing.Item>
    <org.openmrs.module.metadatasharing.Item id="63" uuid="2c6c6f77-ca5b-4485-8cf5-493faa696fd7">
      <id>509165562</id>
      <classname>org.openmrs.Concept</classname>
      <dateChanged id="64">2019-06-17 09:03:36</dateChanged>
      <retired>false</retired>
    </org.openmrs.module.metadatasharing.Item>
    <org.openmrs.module.metadatasharing.Item id="65" uuid="21919581-ab89-4aa2-905e-62cb52f4511f">
      <id>509165543</id>
      <classname>org.openmrs.Concept</classname>
      <dateChanged id="66">2019-06-17 08:44:13</dateChanged>
      <retired>false</retired>
    </org.openmrs.module.metadatasharing.Item>
    <org.openmrs.module.metadatasharing.Item id="67" uuid="1e684a1a-76fe-47f6-91b4-e5856556f24e">
      <id>509165552</id>
      <classname>org.openmrs.Concept</classname>
      <dateChanged id="68">2019-06-17 08:54:05</dateChanged>
      <retired>false</retired>
    </org.openmrs.module.metadatasharing.Item>
    <org.openmrs.module.metadatasharing.Item id="69" uuid="4885688c-a418-458b-92a2-c825695a8930">
      <id>509165599</id>
      <classname>org.openmrs.Concept</classname>
      <dateChanged id="70">2019-06-17 09:31:06</dateChanged>
      <retired>false</retired>
    </org.openmrs.module.metadatasharing.Item>
    <org.openmrs.module.metadatasharing.Item id="71" uuid="a32ab273-8364-440c-815c-bdb2246c557f">
      <id>509165540</id>
      <classname>org.openmrs.Concept</classname>
      <dateChanged id="72">2019-06-17 08:42:03</dateChanged>
      <retired>false</retired>
    </org.openmrs.module.metadatasharing.Item>
    <org.openmrs.module.metadatasharing.Item id="73" uuid="54648333-eadf-4158-b8aa-c4a1c6f6d4d1">
      <id>509165549</id>
      <classname>org.openmrs.Concept</classname>
      <dateChanged id="74">2019-06-17 08:51:49</dateChanged>
      <retired>false</retired>
    </org.openmrs.module.metadatasharing.Item>
    <org.openmrs.module.metadatasharing.Item id="75" uuid="da309ab6-7d53-422f-9de1-d0a3ac474e45">
      <id>509165587</id>
      <classname>org.openmrs.Concept</classname>
      <dateChanged id="76">2019-06-17 09:22:22</dateChanged>
      <retired>false</retired>
    </org.openmrs.module.metadatasharing.Item>
    <org.openmrs.module.metadatasharing.Item id="77" uuid="ef33038a-6e36-48d3-95b5-3a67e6c9edb9">
      <id>509165596</id>
      <classname>org.openmrs.Concept</classname>
      <dateChanged id="78">2019-06-17 09:28:58</dateChanged>
      <retired>false</retired>
    </org.openmrs.module.metadatasharing.Item>
    <org.openmrs.module.metadatasharing.Item id="79" uuid="b49e1b8f-0598-4cac-8f56-7fc4e4a79d6b">
      <id>509165542</id>
      <classname>org.openmrs.Concept</classname>
      <dateChanged id="80">2019-06-17 08:43:25</dateChanged>
      <retired>false</retired>
    </org.openmrs.module.metadatasharing.Item>
    <org.openmrs.module.metadatasharing.Item id="81" uuid="f020c400-976f-451a-9d97-db2faf8f09ce">
      <id>509165578</id>
      <classname>org.openmrs.Concept</classname>
      <dateChanged id="82">2019-06-17 09:16:20</dateChanged>
      <retired>false</retired>
    </org.openmrs.module.metadatasharing.Item>
    <org.openmrs.module.metadatasharing.Item id="83" uuid="3969465a-1c50-44d1-9bff-b58b3e182f1a">
      <id>509165547</id>
      <classname>org.openmrs.Concept</classname>
      <dateChanged id="84">2019-06-17 08:50:22</dateChanged>
      <retired>false</retired>
    </org.openmrs.module.metadatasharing.Item>
    <org.openmrs.module.metadatasharing.Item id="85" uuid="26e76c47-24a8-46c9-a0ad-70e72409abd6">
      <id>509165557</id>
      <classname>org.openmrs.Concept</classname>
      <dateChanged id="86">2019-06-17 08:57:32</dateChanged>
      <retired>false</retired>
    </org.openmrs.module.metadatasharing.Item>
    <org.openmrs.module.metadatasharing.Item id="87" uuid="1717d905-3548-46d0-9515-669733c4ffeb">
      <id>509165536</id>
      <classname>org.openmrs.Concept</classname>
      <dateChanged id="88">2019-06-17 08:39:08</dateChanged>
      <retired>false</retired>
    </org.openmrs.module.metadatasharing.Item>
    <org.openmrs.module.metadatasharing.Item id="89" uuid="60d03187-f75c-4549-bade-717fb4981323">
      <id>509165538</id>
      <classname>org.openmrs.Concept</classname>
      <dateChanged id="90">2019-06-17 08:40:31</dateChanged>
      <retired>false</retired>
    </org.openmrs.module.metadatasharing.Item>
    <org.openmrs.module.metadatasharing.Item id="91" uuid="e34fb886-ba27-4208-a2cb-eaedaac9fb96">
      <id>509165580</id>
      <classname>org.openmrs.Concept</classname>
      <dateChanged id="92">2019-06-17 09:17:39</dateChanged>
      <retired>false</retired>
    </org.openmrs.module.metadatasharing.Item>
    <org.openmrs.module.metadatasharing.Item id="93" uuid="f2557bca-6f44-4625-800b-b3e02da52009">
      <id>509165561</id>
      <classname>org.openmrs.Concept</classname>
      <dateChanged id="94">2019-06-17 09:02:01</dateChanged>
      <retired>false</retired>
    </org.openmrs.module.metadatasharing.Item>
    <org.openmrs.module.metadatasharing.Item id="95" uuid="ee173962-54b0-45c7-9585-660f8a562d76">
      <id>509165585</id>
      <classname>org.openmrs.Concept</classname>
      <dateChanged id="96">2019-06-17 09:20:56</dateChanged>
      <retired>false</retired>
    </org.openmrs.module.metadatasharing.Item>
    <org.openmrs.module.metadatasharing.Item id="97" uuid="b590695e-e150-495f-bf9a-38354d7808cf">
      <id>509165527</id>
      <classname>org.openmrs.Concept</classname>
      <dateChanged id="98">2019-06-17 08:31:57</dateChanged>
      <retired>false</retired>
    </org.openmrs.module.metadatasharing.Item>
    <org.openmrs.module.metadatasharing.Item id="99" uuid="19f7428d-b755-4462-ae4e-603d5c5d9820">
      <id>509165588</id>
      <classname>org.openmrs.Concept</classname>
      <dateChanged id="100">2019-06-17 09:23:08</dateChanged>
      <retired>false</retired>
    </org.openmrs.module.metadatasharing.Item>
    <org.openmrs.module.metadatasharing.Item id="101" uuid="454b9649-e850-46f7-8dc0-c65cb50e4714">
      <id>509165593</id>
      <classname>org.openmrs.Concept</classname>
      <dateChanged id="102">2019-06-17 09:26:28</dateChanged>
      <retired>false</retired>
    </org.openmrs.module.metadatasharing.Item>
    <org.openmrs.module.metadatasharing.Item id="103" uuid="45a0cf27-6096-4b8d-9870-49c24d7bacc2">
      <id>509165579</id>
      <classname>org.openmrs.Concept</classname>
      <dateChanged id="104">2019-06-17 09:17:01</dateChanged>
      <retired>false</retired>
    </org.openmrs.module.metadatasharing.Item>
    <org.openmrs.module.metadatasharing.Item id="105" uuid="f90a7734-fc12-42d8-87dc-2fac7a2c3ae6">
      <id>509165576</id>
      <classname>org.openmrs.Concept</classname>
      <dateChanged id="106">2019-06-17 09:14:56</dateChanged>
      <retired>false</retired>
    </org.openmrs.module.metadatasharing.Item>
    <org.openmrs.module.metadatasharing.Item id="107" uuid="a5adb862-1ac9-47f5-9ca2-97f9238d6d73">
      <id>509165556</id>
      <classname>org.openmrs.Concept</classname>
      <dateChanged id="108">2019-06-17 08:56:45</dateChanged>
      <retired>false</retired>
    </org.openmrs.module.metadatasharing.Item>
    <org.openmrs.module.metadatasharing.Item id="109" uuid="80a8dee4-191a-496a-8842-8bb91706e24b">
      <id>509165581</id>
      <classname>org.openmrs.Concept</classname>
      <dateChanged id="110">2019-06-17 09:18:19</dateChanged>
      <retired>false</retired>
    </org.openmrs.module.metadatasharing.Item>
    <org.openmrs.module.metadatasharing.Item id="111" uuid="527ca5cb-b9ef-445b-8d52-eed48d39ba31">
      <id>509165591</id>
      <classname>org.openmrs.Concept</classname>
      <dateChanged id="112">2019-06-17 09:25:07</dateChanged>
      <retired>false</retired>
    </org.openmrs.module.metadatasharing.Item>
    <org.openmrs.module.metadatasharing.Item id="113" uuid="268e626e-887c-47fb-9a3b-08f9ab3a1b65">
      <id>509165550</id>
      <classname>org.openmrs.Concept</classname>
      <dateChanged id="114">2019-06-17 08:52:28</dateChanged>
      <retired>false</retired>
    </org.openmrs.module.metadatasharing.Item>
    <org.openmrs.module.metadatasharing.Item id="115" uuid="8a1e4a32-60ed-4820-a240-cc2da0e2698e">
      <id>509165548</id>
      <classname>org.openmrs.Concept</classname>
      <dateChanged id="116">2019-06-17 08:51:02</dateChanged>
      <retired>false</retired>
    </org.openmrs.module.metadatasharing.Item>
    <org.openmrs.module.metadatasharing.Item id="117" uuid="4e17281f-c433-4680-9115-a1cb17dea9c5">
      <id>509165583</id>
      <classname>org.openmrs.Concept</classname>
      <dateChanged id="118">2019-06-17 09:19:36</dateChanged>
      <retired>false</retired>
    </org.openmrs.module.metadatasharing.Item>
    <org.openmrs.module.metadatasharing.Item id="119" uuid="a07e66fc-c86d-489f-bdef-2211a011289d">
      <id>509165584</id>
      <classname>org.openmrs.Concept</classname>
      <dateChanged id="120">2019-06-17 09:20:15</dateChanged>
      <retired>false</retired>
    </org.openmrs.module.metadatasharing.Item>
    <org.openmrs.module.metadatasharing.Item id="121" uuid="04041fe9-8523-4c58-956d-294ded2b8c6f">
      <id>509165594</id>
      <classname>org.openmrs.Concept</classname>
      <dateChanged id="122">2019-06-17 09:27:03</dateChanged>
      <retired>false</retired>
    </org.openmrs.module.metadatasharing.Item>
    <org.openmrs.module.metadatasharing.Item id="123" uuid="7901088b-5e22-4a11-880c-8b058ad193fa">
      <id>509165537</id>
      <classname>org.openmrs.Concept</classname>
      <dateChanged id="124">2019-06-17 08:39:53</dateChanged>
      <retired>false</retired>
    </org.openmrs.module.metadatasharing.Item>
    <org.openmrs.module.metadatasharing.Item id="125" uuid="dc9f51ce-f442-4343-a25a-d8836a4c7e84">
      <id>509165592</id>
      <classname>org.openmrs.Concept</classname>
      <dateChanged id="126">2019-06-17 09:25:49</dateChanged>
      <retired>false</retired>
    </org.openmrs.module.metadatasharing.Item>
    <org.openmrs.module.metadatasharing.Item id="127" uuid="e29500cf-72b1-4d91-ae13-5e25e2760c86">
      <id>509165590</id>
      <classname>org.openmrs.Concept</classname>
      <dateChanged id="128">2019-06-17 09:24:25</dateChanged>
      <retired>false</retired>
    </org.openmrs.module.metadatasharing.Item>
    <org.openmrs.module.metadatasharing.Item id="129" uuid="098e24cc-d118-487a-8043-f1300531bc83">
      <id>509165595</id>
      <classname>org.openmrs.Concept</classname>
      <dateChanged id="130">2019-06-17 09:27:40</dateChanged>
      <retired>false</retired>
    </org.openmrs.module.metadatasharing.Item>
    <org.openmrs.module.metadatasharing.Item id="131" uuid="b899821f-9b55-4225-bf15-bb3b1aef2ccb">
      <id>509165572</id>
      <classname>org.openmrs.Concept</classname>
      <dateChanged id="132">2019-06-17 09:11:59</dateChanged>
      <retired>false</retired>
    </org.openmrs.module.metadatasharing.Item>
    <org.openmrs.module.metadatasharing.Item id="133" uuid="f4697ce4-2c77-453d-8750-05fd41ecb41f">
      <id>509165563</id>
      <classname>org.openmrs.Concept</classname>
      <dateChanged id="134">2019-06-17 09:04:52</dateChanged>
      <retired>false</retired>
    </org.openmrs.module.metadatasharing.Item>
    <org.openmrs.module.metadatasharing.Item id="135" uuid="12191641-452e-493f-b9a6-b91a34abfec6">
      <id>509165577</id>
      <classname>org.openmrs.Concept</classname>
      <dateChanged id="136">2019-06-17 09:15:38</dateChanged>
      <retired>false</retired>
    </org.openmrs.module.metadatasharing.Item>
    <org.openmrs.module.metadatasharing.Item id="137" uuid="3ea37139-104b-4402-b922-10649f2bb18c">
      <id>509165529</id>
      <classname>org.openmrs.Concept</classname>
      <dateChanged id="138">2019-06-17 08:33:31</dateChanged>
      <retired>false</retired>
    </org.openmrs.module.metadatasharing.Item>
    <org.openmrs.module.metadatasharing.Item id="139" uuid="956d3032-dad3-4870-9572-2ef78cd39827">
      <id>509165598</id>
      <classname>org.openmrs.Concept</classname>
      <dateChanged id="140">2019-06-17 09:30:17</dateChanged>
      <retired>false</retired>
    </org.openmrs.module.metadatasharing.Item>
    <org.openmrs.module.metadatasharing.Item id="141" uuid="d8d9ebd4-7943-4403-a092-1bf47f822974">
      <id>509165573</id>
      <classname>org.openmrs.Concept</classname>
      <dateChanged id="142">2019-06-17 09:12:39</dateChanged>
      <retired>false</retired>
    </org.openmrs.module.metadatasharing.Item>
    <org.openmrs.module.metadatasharing.Item id="143" uuid="81707a9a-003b-4f0c-aee4-9b429066d027">
      <id>509165554</id>
      <classname>org.openmrs.Concept</classname>
      <dateChanged id="144">2019-06-17 08:55:30</dateChanged>
      <retired>false</retired>
    </org.openmrs.module.metadatasharing.Item>
    <org.openmrs.module.metadatasharing.Item id="145" uuid="beae4ab4-ae14-44b5-8d0f-0e9bf71f92ae">
      <id>509165539</id>
      <classname>org.openmrs.Concept</classname>
      <dateChanged id="146">2019-06-17 08:41:15</dateChanged>
      <retired>false</retired>
    </org.openmrs.module.metadatasharing.Item>
    <org.openmrs.module.metadatasharing.Item id="147" uuid="d81c90e9-e195-45da-8585-84bcd9907100">
      <id>509165560</id>
      <classname>org.openmrs.Concept</classname>
      <dateChanged id="148">2019-06-17 09:01:18</dateChanged>
      <retired>false</retired>
    </org.openmrs.module.metadatasharing.Item>
    <org.openmrs.module.metadatasharing.Item id="149" uuid="9b1fa110-2297-4c73-a47b-d28716312ec4">
      <id>509165553</id>
      <classname>org.openmrs.Concept</classname>
      <dateChanged id="150">2019-06-17 08:54:47</dateChanged>
      <retired>false</retired>
    </org.openmrs.module.metadatasharing.Item>
    <org.openmrs.module.metadatasharing.Item id="151" uuid="0ff8daaa-c408-4e4a-91d2-75b446a9a01b">
      <id>509165545</id>
      <classname>org.openmrs.Concept</classname>
      <dateChanged id="152">2019-06-17 08:45:57</dateChanged>
      <retired>false</retired>
    </org.openmrs.module.metadatasharing.Item>
    <org.openmrs.module.metadatasharing.Item id="153" uuid="02b1a0a3-262b-4b07-ada1-cec47bc9203b">
      <id>509165582</id>
      <classname>org.openmrs.Concept</classname>
      <dateChanged id="154">2019-06-17 09:18:57</dateChanged>
      <retired>false</retired>
    </org.openmrs.module.metadatasharing.Item>
  </items>
  <relatedItems class="linked-hash-set" id="155">
    <org.openmrs.module.metadatasharing.Item id="156" uuid="8d4a4c94-c2cc-11de-8d13-0010c6dffd0f">
      <id>4</id>
      <classname>org.openmrs.ConceptDatatype</classname>
      <dateChanged id="157">2004-02-02 00:00:00</dateChanged>
      <retired>false</retired>
    </org.openmrs.module.metadatasharing.Item>
    <org.openmrs.module.metadatasharing.Item id="158" uuid="8d492774-c2cc-11de-8d13-0010c6dffd0f">
      <id>11</id>
      <classname>org.openmrs.ConceptClass</classname>
      <dateChanged id="159">2004-03-02 00:00:00</dateChanged>
      <retired>false</retired>
    </org.openmrs.module.metadatasharing.Item>
    <org.openmrs.module.metadatasharing.Item id="160" uuid="bf862e10-efa1-4734-9b8c-f3e290f2aa1b">
      <id>142653</id>
      <classname>org.openmrs.ConceptName</classname>
      <dateChanged id="161">2019-06-17 09:11:10</dateChanged>
    </org.openmrs.module.metadatasharing.Item>
    <org.openmrs.module.metadatasharing.Item id="162" uuid="0e4255e8-f16a-4c5a-bd73-fd65b1c839fd">
      <id>142654</id>
      <classname>org.openmrs.ConceptName</classname>
      <dateChanged id="163">2019-06-17 09:11:10</dateChanged>
    </org.openmrs.module.metadatasharing.Item>
    <org.openmrs.module.metadatasharing.Item id="164" uuid="2f5d6b5e-0af2-4834-9c6a-0f8889c7ff6d">
      <id>142581</id>
      <classname>org.openmrs.ConceptName</classname>
      <dateChanged id="165">2019-06-17 08:38:26</dateChanged>
    </org.openmrs.module.metadatasharing.Item>
    <org.openmrs.module.metadatasharing.Item id="166" uuid="c210c28e-9ac4-46bc-b200-1fed4d673186">
      <id>142582</id>
      <classname>org.openmrs.ConceptName</classname>
      <dateChanged id="167">2019-06-17 08:38:26</dateChanged>
    </org.openmrs.module.metadatasharing.Item>
    <org.openmrs.module.metadatasharing.Item id="168" uuid="91412ee9-f492-4c4d-b864-8426f1be3941">
      <id>142613</id>
      <classname>org.openmrs.ConceptName</classname>
      <dateChanged id="169">2019-06-17 08:53:13</dateChanged>
    </org.openmrs.module.metadatasharing.Item>
    <org.openmrs.module.metadatasharing.Item id="170" uuid="a3740879-92fa-4e00-b54f-7c57f191e27a">
      <id>142614</id>
      <classname>org.openmrs.ConceptName</classname>
      <dateChanged id="171">2019-06-17 08:53:13</dateChanged>
    </org.openmrs.module.metadatasharing.Item>
    <org.openmrs.module.metadatasharing.Item id="172" uuid="291b0a1b-4d93-46db-8426-ed652440ce70">
      <id>142651</id>
      <classname>org.openmrs.ConceptName</classname>
      <dateChanged id="173">2019-06-17 09:10:14</dateChanged>
    </org.openmrs.module.metadatasharing.Item>
    <org.openmrs.module.metadatasharing.Item id="174" uuid="64c28dbc-7126-442e-95ec-121485ffc415">
      <id>142652</id>
      <classname>org.openmrs.ConceptName</classname>
      <dateChanged id="175">2019-06-17 09:10:14</dateChanged>
    </org.openmrs.module.metadatasharing.Item>
    <org.openmrs.module.metadatasharing.Item id="176" uuid="d7c6fe3d-310b-4eb1-9170-2063c2511156">
      <id>142621</id>
      <classname>org.openmrs.ConceptName</classname>
      <dateChanged id="177">2019-06-17 08:56:07</dateChanged>
    </org.openmrs.module.metadatasharing.Item>
    <org.openmrs.module.metadatasharing.Item id="178" uuid="c9b9faa4-7e6a-4991-9483-91e05b217ca3">
      <id>142622</id>
      <classname>org.openmrs.ConceptName</classname>
      <dateChanged id="179">2019-06-17 08:56:07</dateChanged>
    </org.openmrs.module.metadatasharing.Item>
    <org.openmrs.module.metadatasharing.Item id="180" uuid="d4ac5d96-b242-4b2b-9365-4fc5026ba188">
      <id>142599</id>
      <classname>org.openmrs.ConceptName</classname>
      <dateChanged id="181">2019-06-17 08:44:57</dateChanged>
    </org.openmrs.module.metadatasharing.Item>
    <org.openmrs.module.metadatasharing.Item id="182" uuid="e441ebfd-e6eb-487c-a692-4e21aba5ab35">
      <id>142600</id>
      <classname>org.openmrs.ConceptName</classname>
      <dateChanged id="183">2019-06-17 08:44:57</dateChanged>
    </org.openmrs.module.metadatasharing.Item>
    <org.openmrs.module.metadatasharing.Item id="184" uuid="6b780c0c-9c6d-4b5d-965d-ff25189bab9c">
      <id>142683</id>
      <classname>org.openmrs.ConceptName</classname>
      <dateChanged id="185">2019-06-17 09:21:40</dateChanged>
    </org.openmrs.module.metadatasharing.Item>
    <org.openmrs.module.metadatasharing.Item id="186" uuid="f176bbd8-5251-46f1-a15f-1b3c0de2fd46">
      <id>142684</id>
      <classname>org.openmrs.ConceptName</classname>
      <dateChanged id="187">2019-06-17 09:21:40</dateChanged>
    </org.openmrs.module.metadatasharing.Item>
    <org.openmrs.module.metadatasharing.Item id="188" uuid="138918bc-f132-4e7b-ba8d-67b3901997d3">
      <id>142705</id>
      <classname>org.openmrs.ConceptName</classname>
      <dateChanged id="189">2019-06-17 09:29:39</dateChanged>
    </org.openmrs.module.metadatasharing.Item>
    <org.openmrs.module.metadatasharing.Item id="190" uuid="fa963433-21f9-4c81-b2c0-9f396290e2d8">
      <id>142706</id>
      <classname>org.openmrs.ConceptName</classname>
      <dateChanged id="191">2019-06-17 09:29:39</dateChanged>
    </org.openmrs.module.metadatasharing.Item>
    <org.openmrs.module.metadatasharing.Item id="192" uuid="886d371f-a4d0-45fc-bcf1-08bb14d9ec05">
      <id>142659</id>
      <classname>org.openmrs.ConceptName</classname>
      <dateChanged id="193">2019-06-17 09:13:23</dateChanged>
    </org.openmrs.module.metadatasharing.Item>
    <org.openmrs.module.metadatasharing.Item id="194" uuid="8a857527-ee8b-4616-802c-049f8e590c71">
      <id>142660</id>
      <classname>org.openmrs.ConceptName</classname>
      <dateChanged id="195">2019-06-17 09:13:23</dateChanged>
    </org.openmrs.module.metadatasharing.Item>
    <org.openmrs.module.metadatasharing.Item id="196" uuid="97fc7f7e-c2f9-4782-a1e2-743489e889a1">
      <id>142689</id>
      <classname>org.openmrs.ConceptName</classname>
      <dateChanged id="197">2019-06-17 09:23:46</dateChanged>
    </org.openmrs.module.metadatasharing.Item>
    <org.openmrs.module.metadatasharing.Item id="198" uuid="174722af-bdf1-4b1b-ab57-06d5df19f63d">
      <id>142690</id>
      <classname>org.openmrs.ConceptName</classname>
      <dateChanged id="199">2019-06-17 09:23:46</dateChanged>
    </org.openmrs.module.metadatasharing.Item>
    <org.openmrs.module.metadatasharing.Item id="200" uuid="ac64ef84-9d90-4d12-b07d-eb322cc19f39">
      <id>142571</id>
      <classname>org.openmrs.ConceptName</classname>
      <dateChanged id="201">2019-06-17 08:34:13</dateChanged>
    </org.openmrs.module.metadatasharing.Item>
    <org.openmrs.module.metadatasharing.Item id="202" uuid="28b7ba89-9181-4539-8bc8-11248bba808f">
      <id>142572</id>
      <classname>org.openmrs.ConceptName</classname>
      <dateChanged id="203">2019-06-17 08:34:13</dateChanged>
    </org.openmrs.module.metadatasharing.Item>
    <org.openmrs.module.metadatasharing.Item id="204" uuid="8eaa28a8-d22d-488a-a0dc-1181b427b137">
      <id>142575</id>
      <classname>org.openmrs.ConceptName</classname>
      <dateChanged id="205">2019-06-17 08:35:56</dateChanged>
    </org.openmrs.module.metadatasharing.Item>
    <org.openmrs.module.metadatasharing.Item id="206" uuid="aa661eaa-03f8-4a32-8b1e-4be99d8512d8">
      <id>142576</id>
      <classname>org.openmrs.ConceptName</classname>
      <dateChanged id="207">2019-06-17 08:35:56</dateChanged>
    </org.openmrs.module.metadatasharing.Item>
    <org.openmrs.module.metadatasharing.Item id="208" uuid="a002fbf6-eef2-47c2-b954-909fec65890a">
      <id>142573</id>
      <classname>org.openmrs.ConceptName</classname>
      <dateChanged id="209">2019-06-17 08:35:08</dateChanged>
    </org.openmrs.module.metadatasharing.Item>
    <org.openmrs.module.metadatasharing.Item id="210" uuid="39de644f-659a-45b4-8a61-387a828a1d46">
      <id>142574</id>
      <classname>org.openmrs.ConceptName</classname>
      <dateChanged id="211">2019-06-17 08:35:08</dateChanged>
    </org.openmrs.module.metadatasharing.Item>
    <org.openmrs.module.metadatasharing.Item id="212" uuid="91574669-7929-471b-9ba2-502a628fde82">
      <id>142649</id>
      <classname>org.openmrs.ConceptName</classname>
      <dateChanged id="213">2019-06-17 09:09:23</dateChanged>
    </org.openmrs.module.metadatasharing.Item>
    <org.openmrs.module.metadatasharing.Item id="214" uuid="c38d1623-5183-4f53-84cf-2e5bb249cf74">
      <id>142650</id>
      <classname>org.openmrs.ConceptName</classname>
      <dateChanged id="215">2019-06-17 09:09:23</dateChanged>
    </org.openmrs.module.metadatasharing.Item>
    <org.openmrs.module.metadatasharing.Item id="216" uuid="42cd15af-0e54-4ad4-abed-4bedf01c37f5">
      <id>142661</id>
      <classname>org.openmrs.ConceptName</classname>
      <dateChanged id="217">2019-06-17 09:14:08</dateChanged>
    </org.openmrs.module.metadatasharing.Item>
    <org.openmrs.module.metadatasharing.Item id="218" uuid="cdf6c969-182b-4b2e-bd57-d92aaff843d8">
      <id>142662</id>
      <classname>org.openmrs.ConceptName</classname>
      <dateChanged id="219">2019-06-17 09:14:08</dateChanged>
    </org.openmrs.module.metadatasharing.Item>
    <org.openmrs.module.metadatasharing.Item id="220" uuid="a6b2f7fc-c886-4e8c-9293-3ac4538abfa2">
      <id>142643</id>
      <classname>org.openmrs.ConceptName</classname>
      <dateChanged id="221">2019-06-17 09:07:16</dateChanged>
    </org.openmrs.module.metadatasharing.Item>
    <org.openmrs.module.metadatasharing.Item id="222" uuid="5687ea39-960d-4ed8-a3b2-3a9b80640ba9">
      <id>142644</id>
      <classname>org.openmrs.ConceptName</classname>
      <dateChanged id="223">2019-06-17 09:07:16</dateChanged>
    </org.openmrs.module.metadatasharing.Item>
    <org.openmrs.module.metadatasharing.Item id="224" uuid="129dc43b-b7cb-46fd-b2df-d203a095c034">
      <id>142711</id>
      <classname>org.openmrs.ConceptName</classname>
      <dateChanged id="225">2019-06-17 09:31:49</dateChanged>
    </org.openmrs.module.metadatasharing.Item>
    <org.openmrs.module.metadatasharing.Item id="226" uuid="cd6c58c5-b891-4a4b-9a07-455bae2dc854">
      <id>142712</id>
      <classname>org.openmrs.ConceptName</classname>
      <dateChanged id="227">2019-06-17 09:31:49</dateChanged>
    </org.openmrs.module.metadatasharing.Item>
    <org.openmrs.module.metadatasharing.Item id="228" uuid="7be46b59-a61a-46b8-a521-996bba6cf8e8">
      <id>142641</id>
      <classname>org.openmrs.ConceptName</classname>
      <dateChanged id="229">2019-06-17 09:06:32</dateChanged>
    </org.openmrs.module.metadatasharing.Item>
    <org.openmrs.module.metadatasharing.Item id="230" uuid="a2a91f81-c25e-4832-9ae4-272850f05f3e">
      <id>142642</id>
      <classname>org.openmrs.ConceptName</classname>
      <dateChanged id="231">2019-06-17 09:06:32</dateChanged>
    </org.openmrs.module.metadatasharing.Item>
    <org.openmrs.module.metadatasharing.Item id="232" uuid="a7907c8c-ac7f-42b2-9779-46918673b19e">
      <id>142647</id>
      <classname>org.openmrs.ConceptName</classname>
      <dateChanged id="233">2019-06-17 09:08:38</dateChanged>
    </org.openmrs.module.metadatasharing.Item>
    <org.openmrs.module.metadatasharing.Item id="234" uuid="6a6dce65-1b00-495d-89e1-96da18a5e0de">
      <id>142648</id>
      <classname>org.openmrs.ConceptName</classname>
      <dateChanged id="235">2019-06-17 09:08:38</dateChanged>
    </org.openmrs.module.metadatasharing.Item>
    <org.openmrs.module.metadatasharing.Item id="236" uuid="d9182252-2069-40dc-9897-007c8b884391">
      <id>142627</id>
      <classname>org.openmrs.ConceptName</classname>
      <dateChanged id="237">2019-06-17 08:59:46</dateChanged>
    </org.openmrs.module.metadatasharing.Item>
    <org.openmrs.module.metadatasharing.Item id="238" uuid="26d88aa3-f908-46be-b291-56abebc90150">
      <id>142628</id>
      <classname>org.openmrs.ConceptName</classname>
      <dateChanged id="239">2019-06-17 08:59:46</dateChanged>
    </org.openmrs.module.metadatasharing.Item>
    <org.openmrs.module.metadatasharing.Item id="240" uuid="1783c7f0-f754-4ffc-82f5-f74454bbecf6">
      <id>142713</id>
      <classname>org.openmrs.ConceptName</classname>
      <dateChanged id="241">2019-06-17 09:32:26</dateChanged>
    </org.openmrs.module.metadatasharing.Item>
    <org.openmrs.module.metadatasharing.Item id="242" uuid="c5380baa-084b-483e-bafa-d9b7f081ee58">
      <id>142714</id>
      <classname>org.openmrs.ConceptName</classname>
      <dateChanged id="243">2019-06-17 09:32:26</dateChanged>
    </org.openmrs.module.metadatasharing.Item>
    <org.openmrs.module.metadatasharing.Item id="244" uuid="4704bd60-047f-439c-91e5-558e9a999119">
      <id>142603</id>
      <classname>org.openmrs.ConceptName</classname>
      <dateChanged id="245">2019-06-17 08:49:32</dateChanged>
    </org.openmrs.module.metadatasharing.Item>
    <org.openmrs.module.metadatasharing.Item id="246" uuid="3778503f-76c3-4a69-b1e5-8b8fdec814c8">
      <id>142604</id>
      <classname>org.openmrs.ConceptName</classname>
      <dateChanged id="247">2019-06-17 08:49:32</dateChanged>
    </org.openmrs.module.metadatasharing.Item>
    <org.openmrs.module.metadatasharing.Item id="248" uuid="8f5644ee-6e79-4160-9859-c3cf85f689e9">
      <id>142577</id>
      <classname>org.openmrs.ConceptName</classname>
      <dateChanged id="249">2019-06-17 08:36:46</dateChanged>
    </org.openmrs.module.metadatasharing.Item>
    <org.openmrs.module.metadatasharing.Item id="250" uuid="a345a6eb-8aac-497b-86fe-1587f29fb752">
      <id>142578</id>
      <classname>org.openmrs.ConceptName</classname>
      <dateChanged id="251">2019-06-17 08:36:46</dateChanged>
    </org.openmrs.module.metadatasharing.Item>
    <org.openmrs.module.metadatasharing.Item id="252" uuid="c79da698-e8f4-4a71-b3a5-3774aef0e362">
      <id>142629</id>
      <classname>org.openmrs.ConceptName</classname>
      <dateChanged id="253">2019-06-17 09:00:29</dateChanged>
    </org.openmrs.module.metadatasharing.Item>
    <org.openmrs.module.metadatasharing.Item id="254" uuid="710400ed-b2ad-42ac-8f7d-09c297259229">
      <id>142630</id>
      <classname>org.openmrs.ConceptName</classname>
      <dateChanged id="255">2019-06-17 09:00:29</dateChanged>
    </org.openmrs.module.metadatasharing.Item>
    <org.openmrs.module.metadatasharing.Item id="256" uuid="886b19d4-74bd-488f-a69d-c3eb91f8bad6">
      <id>142567</id>
      <classname>org.openmrs.ConceptName</classname>
      <dateChanged id="257">2019-06-17 08:32:50</dateChanged>
    </org.openmrs.module.metadatasharing.Item>
    <org.openmrs.module.metadatasharing.Item id="258" uuid="8243b0f8-3bb0-49b4-b5a7-ee2fe52eb780">
      <id>142568</id>
      <classname>org.openmrs.ConceptName</classname>
      <dateChanged id="259">2019-06-17 08:32:50</dateChanged>
    </org.openmrs.module.metadatasharing.Item>
    <org.openmrs.module.metadatasharing.Item id="260" uuid="1fa13bdf-5894-4ee3-8cb6-6d7db922318d">
      <id>142639</id>
      <classname>org.openmrs.ConceptName</classname>
      <dateChanged id="261">2019-06-17 09:05:50</dateChanged>
    </org.openmrs.module.metadatasharing.Item>
    <org.openmrs.module.metadatasharing.Item id="262" uuid="9ce16316-405f-4f4c-b086-7cb816c32ad2">
      <id>142640</id>
      <classname>org.openmrs.ConceptName</classname>
      <dateChanged id="263">2019-06-17 09:05:50</dateChanged>
    </org.openmrs.module.metadatasharing.Item>
    <org.openmrs.module.metadatasharing.Item id="264" uuid="38193245-6431-45a2-885a-0b271e932a83">
      <id>142645</id>
      <classname>org.openmrs.ConceptName</classname>
      <dateChanged id="265">2019-06-17 09:07:56</dateChanged>
    </org.openmrs.module.metadatasharing.Item>
    <org.openmrs.module.metadatasharing.Item id="266" uuid="51d8e3ed-1e90-4d91-9716-0e75f2fd61d1">
      <id>142646</id>
      <classname>org.openmrs.ConceptName</classname>
      <dateChanged id="267">2019-06-17 09:07:56</dateChanged>
    </org.openmrs.module.metadatasharing.Item>
    <org.openmrs.module.metadatasharing.Item id="268" uuid="2c119bbc-0907-4d0b-9fab-6554fb9874ad">
      <id>142579</id>
      <classname>org.openmrs.ConceptName</classname>
      <dateChanged id="269">2019-06-17 08:37:38</dateChanged>
    </org.openmrs.module.metadatasharing.Item>
    <org.openmrs.module.metadatasharing.Item id="270" uuid="29422bac-aaa0-4ca2-bf36-5434af1168d6">
      <id>142580</id>
      <classname>org.openmrs.ConceptName</classname>
      <dateChanged id="271">2019-06-17 08:37:38</dateChanged>
    </org.openmrs.module.metadatasharing.Item>
    <org.openmrs.module.metadatasharing.Item id="272" uuid="19926a17-ae4a-46b7-8715-9743750783c3">
      <id>142593</id>
      <classname>org.openmrs.ConceptName</classname>
      <dateChanged id="273">2019-06-17 08:42:47</dateChanged>
    </org.openmrs.module.metadatasharing.Item>
    <org.openmrs.module.metadatasharing.Item id="274" uuid="43aa7ead-923c-4d95-b860-63b0c4930089">
      <id>142594</id>
      <classname>org.openmrs.ConceptName</classname>
      <dateChanged id="275">2019-06-17 08:42:47</dateChanged>
    </org.openmrs.module.metadatasharing.Item>
    <org.openmrs.module.metadatasharing.Item id="276" uuid="544f6398-927a-40a8-98da-efe324fcc53e">
      <id>142635</id>
      <classname>org.openmrs.ConceptName</classname>
      <dateChanged id="277">2019-06-17 09:03:36</dateChanged>
    </org.openmrs.module.metadatasharing.Item>
    <org.openmrs.module.metadatasharing.Item id="278" uuid="5c6f9766-693e-42cb-8fb0-8be0baa8c22a">
      <id>142636</id>
      <classname>org.openmrs.ConceptName</classname>
      <dateChanged id="279">2019-06-17 09:03:36</dateChanged>
    </org.openmrs.module.metadatasharing.Item>
    <org.openmrs.module.metadatasharing.Item id="280" uuid="ff7f7fe2-3925-491c-b092-cbcdb17e2065">
      <id>142597</id>
      <classname>org.openmrs.ConceptName</classname>
      <dateChanged id="281">2019-06-17 08:44:13</dateChanged>
    </org.openmrs.module.metadatasharing.Item>
    <org.openmrs.module.metadatasharing.Item id="282" uuid="83a7a48b-1203-4aa8-80a9-00992fdc9722">
      <id>142598</id>
      <classname>org.openmrs.ConceptName</classname>
      <dateChanged id="283">2019-06-17 08:44:13</dateChanged>
    </org.openmrs.module.metadatasharing.Item>
    <org.openmrs.module.metadatasharing.Item id="284" uuid="91d824f9-53e7-4e03-b964-1c1db9139bdf">
      <id>142615</id>
      <classname>org.openmrs.ConceptName</classname>
      <dateChanged id="285">2019-06-17 08:54:05</dateChanged>
    </org.openmrs.module.metadatasharing.Item>
    <org.openmrs.module.metadatasharing.Item id="286" uuid="e592a244-5f47-46de-a7f7-0d7220340fd2">
      <id>142616</id>
      <classname>org.openmrs.ConceptName</classname>
      <dateChanged id="287">2019-06-17 08:54:05</dateChanged>
    </org.openmrs.module.metadatasharing.Item>
    <org.openmrs.module.metadatasharing.Item id="288" uuid="65bc3b38-4708-47f2-807b-9e7a9f711751">
      <id>142709</id>
      <classname>org.openmrs.ConceptName</classname>
      <dateChanged id="289">2019-06-17 09:31:06</dateChanged>
    </org.openmrs.module.metadatasharing.Item>
    <org.openmrs.module.metadatasharing.Item id="290" uuid="6016a8f0-403b-4558-b4c8-8a676198ed77">
      <id>142710</id>
      <classname>org.openmrs.ConceptName</classname>
      <dateChanged id="291">2019-06-17 09:31:06</dateChanged>
    </org.openmrs.module.metadatasharing.Item>
    <org.openmrs.module.metadatasharing.Item id="292" uuid="a211c36c-6ce0-4870-b143-97cf2aba4eb9">
      <id>142591</id>
      <classname>org.openmrs.ConceptName</classname>
      <dateChanged id="293">2019-06-17 08:42:03</dateChanged>
    </org.openmrs.module.metadatasharing.Item>
    <org.openmrs.module.metadatasharing.Item id="294" uuid="1c3105ae-010a-4657-a9ab-ca1859cccee3">
      <id>142592</id>
      <classname>org.openmrs.ConceptName</classname>
      <dateChanged id="295">2019-06-17 08:42:03</dateChanged>
    </org.openmrs.module.metadatasharing.Item>
    <org.openmrs.module.metadatasharing.Item id="296" uuid="e234925e-9d93-4545-af61-2ec94881d025">
      <id>142609</id>
      <classname>org.openmrs.ConceptName</classname>
      <dateChanged id="297">2019-06-17 08:51:49</dateChanged>
    </org.openmrs.module.metadatasharing.Item>
    <org.openmrs.module.metadatasharing.Item id="298" uuid="c9560350-0fcf-4222-bab4-7e63b36312cc">
      <id>142610</id>
      <classname>org.openmrs.ConceptName</classname>
      <dateChanged id="299">2019-06-17 08:51:49</dateChanged>
    </org.openmrs.module.metadatasharing.Item>
    <org.openmrs.module.metadatasharing.Item id="300" uuid="a53c68b5-0474-4130-8aac-6213e258979e">
      <id>142685</id>
      <classname>org.openmrs.ConceptName</classname>
      <dateChanged id="301">2019-06-17 09:22:22</dateChanged>
    </org.openmrs.module.metadatasharing.Item>
    <org.openmrs.module.metadatasharing.Item id="302" uuid="85eca5fe-cb85-4380-ac0a-a3a20c2b0544">
      <id>142686</id>
      <classname>org.openmrs.ConceptName</classname>
      <dateChanged id="303">2019-06-17 09:22:22</dateChanged>
    </org.openmrs.module.metadatasharing.Item>
    <org.openmrs.module.metadatasharing.Item id="304" uuid="325cb01c-18c4-43d5-ada7-ec734bfe67e9">
      <id>142703</id>
      <classname>org.openmrs.ConceptName</classname>
      <dateChanged id="305">2019-06-17 09:28:58</dateChanged>
    </org.openmrs.module.metadatasharing.Item>
    <org.openmrs.module.metadatasharing.Item id="306" uuid="55005050-a325-474b-85b0-d91db0191ca6">
      <id>142704</id>
      <classname>org.openmrs.ConceptName</classname>
      <dateChanged id="307">2019-06-17 09:28:58</dateChanged>
    </org.openmrs.module.metadatasharing.Item>
    <org.openmrs.module.metadatasharing.Item id="308" uuid="a0d60952-3f1a-4aa8-ada8-da3df686022f">
      <id>142595</id>
      <classname>org.openmrs.ConceptName</classname>
      <dateChanged id="309">2019-06-17 08:43:25</dateChanged>
    </org.openmrs.module.metadatasharing.Item>
    <org.openmrs.module.metadatasharing.Item id="310" uuid="cc89e57d-16b1-48ac-9ed0-5fa5a8027bf6">
      <id>142596</id>
      <classname>org.openmrs.ConceptName</classname>
      <dateChanged id="311">2019-06-17 08:43:25</dateChanged>
    </org.openmrs.module.metadatasharing.Item>
    <org.openmrs.module.metadatasharing.Item id="312" uuid="283cdcdf-e3a2-4dd3-8297-1abe5f6e8b36">
      <id>142667</id>
      <classname>org.openmrs.ConceptName</classname>
      <dateChanged id="313">2019-06-17 09:16:20</dateChanged>
    </org.openmrs.module.metadatasharing.Item>
    <org.openmrs.module.metadatasharing.Item id="314" uuid="ea6eee0f-0694-4b79-885a-1a8ca3ee85af">
      <id>142668</id>
      <classname>org.openmrs.ConceptName</classname>
      <dateChanged id="315">2019-06-17 09:16:20</dateChanged>
    </org.openmrs.module.metadatasharing.Item>
    <org.openmrs.module.metadatasharing.Item id="316" uuid="d7fcf8b0-4c8f-4ad1-9358-c1479e3ed2f7">
      <id>142605</id>
      <classname>org.openmrs.ConceptName</classname>
      <dateChanged id="317">2019-06-17 08:50:22</dateChanged>
    </org.openmrs.module.metadatasharing.Item>
    <org.openmrs.module.metadatasharing.Item id="318" uuid="9c6ff3da-7c37-4a79-9a83-c10b0c96a27b">
      <id>142606</id>
      <classname>org.openmrs.ConceptName</classname>
      <dateChanged id="319">2019-06-17 08:50:22</dateChanged>
    </org.openmrs.module.metadatasharing.Item>
    <org.openmrs.module.metadatasharing.Item id="320" uuid="0261348b-618b-4c87-aac7-12d7a024002f">
      <id>142625</id>
      <classname>org.openmrs.ConceptName</classname>
      <dateChanged id="321">2019-06-17 08:57:32</dateChanged>
    </org.openmrs.module.metadatasharing.Item>
    <org.openmrs.module.metadatasharing.Item id="322" uuid="9324b0a1-3c9c-4034-9e15-b94513dfd4cd">
      <id>142626</id>
      <classname>org.openmrs.ConceptName</classname>
      <dateChanged id="323">2019-06-17 08:57:32</dateChanged>
    </org.openmrs.module.metadatasharing.Item>
    <org.openmrs.module.metadatasharing.Item id="324" uuid="b8f1140f-ff1d-4755-87c7-650d23ce8401">
      <id>142583</id>
      <classname>org.openmrs.ConceptName</classname>
      <dateChanged id="325">2019-06-17 08:39:08</dateChanged>
    </org.openmrs.module.metadatasharing.Item>
    <org.openmrs.module.metadatasharing.Item id="326" uuid="e3f3bc17-6229-49a2-8316-87d3fcbae3ed">
      <id>142584</id>
      <classname>org.openmrs.ConceptName</classname>
      <dateChanged id="327">2019-06-17 08:39:08</dateChanged>
    </org.openmrs.module.metadatasharing.Item>
    <org.openmrs.module.metadatasharing.Item id="328" uuid="0d08dbda-408d-416c-ae33-6419d02aa5a8">
      <id>142587</id>
      <classname>org.openmrs.ConceptName</classname>
      <dateChanged id="329">2019-06-17 08:40:31</dateChanged>
    </org.openmrs.module.metadatasharing.Item>
    <org.openmrs.module.metadatasharing.Item id="330" uuid="0c370085-f784-4139-bff5-e91102ec636e">
      <id>142588</id>
      <classname>org.openmrs.ConceptName</classname>
      <dateChanged id="331">2019-06-17 08:40:31</dateChanged>
    </org.openmrs.module.metadatasharing.Item>
    <org.openmrs.module.metadatasharing.Item id="332" uuid="01a9820d-c09e-4b49-8bb3-05077757ce77">
      <id>142671</id>
      <classname>org.openmrs.ConceptName</classname>
      <dateChanged id="333">2019-06-17 09:17:39</dateChanged>
    </org.openmrs.module.metadatasharing.Item>
    <org.openmrs.module.metadatasharing.Item id="334" uuid="399c7129-69bf-4cf8-a82e-6367af3b339b">
      <id>142672</id>
      <classname>org.openmrs.ConceptName</classname>
      <dateChanged id="335">2019-06-17 09:17:39</dateChanged>
    </org.openmrs.module.metadatasharing.Item>
    <org.openmrs.module.metadatasharing.Item id="336" uuid="f7a98621-d659-4fa8-827d-2475347705b2">
      <id>142633</id>
      <classname>org.openmrs.ConceptName</classname>
      <dateChanged id="337">2019-06-17 09:02:01</dateChanged>
    </org.openmrs.module.metadatasharing.Item>
    <org.openmrs.module.metadatasharing.Item id="338" uuid="05f91a83-32a3-428c-a7ee-937edbecf98f">
      <id>142634</id>
      <classname>org.openmrs.ConceptName</classname>
      <dateChanged id="339">2019-06-17 09:02:01</dateChanged>
    </org.openmrs.module.metadatasharing.Item>
    <org.openmrs.module.metadatasharing.Item id="340" uuid="6a0234a6-1011-46ec-acc9-d6abb210bad5">
      <id>142681</id>
      <classname>org.openmrs.ConceptName</classname>
      <dateChanged id="341">2019-06-17 09:20:56</dateChanged>
    </org.openmrs.module.metadatasharing.Item>
    <org.openmrs.module.metadatasharing.Item id="342" uuid="0db80a68-e25c-4eb8-81b6-606e1d776957">
      <id>142682</id>
      <classname>org.openmrs.ConceptName</classname>
      <dateChanged id="343">2019-06-17 09:20:56</dateChanged>
    </org.openmrs.module.metadatasharing.Item>
    <org.openmrs.module.metadatasharing.Item id="344" uuid="0cc4a1a4-648c-48bf-8d9d-2da63d0f1f9c">
      <id>142566</id>
      <classname>org.openmrs.ConceptName</classname>
      <dateChanged id="345">2019-06-17 08:31:57</dateChanged>
    </org.openmrs.module.metadatasharing.Item>
    <org.openmrs.module.metadatasharing.Item id="346" uuid="0f052d2a-5724-4d4a-a759-03a37b1a12ea">
      <id>142687</id>
      <classname>org.openmrs.ConceptName</classname>
      <dateChanged id="347">2019-06-17 09:23:08</dateChanged>
    </org.openmrs.module.metadatasharing.Item>
    <org.openmrs.module.metadatasharing.Item id="348" uuid="d378c730-ecb7-47cf-9adb-29863243081a">
      <id>142688</id>
      <classname>org.openmrs.ConceptName</classname>
      <dateChanged id="349">2019-06-17 09:23:08</dateChanged>
    </org.openmrs.module.metadatasharing.Item>
    <org.openmrs.module.metadatasharing.Item id="350" uuid="3bf492d3-61a1-4817-beb3-99e1d8221d07">
      <id>142697</id>
      <classname>org.openmrs.ConceptName</classname>
      <dateChanged id="351">2019-06-17 09:26:28</dateChanged>
    </org.openmrs.module.metadatasharing.Item>
    <org.openmrs.module.metadatasharing.Item id="352" uuid="90304639-81c9-4317-b999-ecf96fb61240">
      <id>142698</id>
      <classname>org.openmrs.ConceptName</classname>
      <dateChanged id="353">2019-06-17 09:26:28</dateChanged>
    </org.openmrs.module.metadatasharing.Item>
    <org.openmrs.module.metadatasharing.Item id="354" uuid="0e2c6d6e-b6d1-4224-9b8a-082b808a2ddc">
      <id>142669</id>
      <classname>org.openmrs.ConceptName</classname>
      <dateChanged id="355">2019-06-17 09:17:01</dateChanged>
    </org.openmrs.module.metadatasharing.Item>
    <org.openmrs.module.metadatasharing.Item id="356" uuid="ec641eb2-c708-40b2-9e3f-d50d64404da0">
      <id>142670</id>
      <classname>org.openmrs.ConceptName</classname>
      <dateChanged id="357">2019-06-17 09:17:01</dateChanged>
    </org.openmrs.module.metadatasharing.Item>
    <org.openmrs.module.metadatasharing.Item id="358" uuid="135f6a90-2967-4726-ba82-1d3d18923bcd">
      <id>142663</id>
      <classname>org.openmrs.ConceptName</classname>
      <dateChanged id="359">2019-06-17 09:14:56</dateChanged>
    </org.openmrs.module.metadatasharing.Item>
    <org.openmrs.module.metadatasharing.Item id="360" uuid="d76082a5-f672-499d-a6e9-ba5602391810">
      <id>142664</id>
      <classname>org.openmrs.ConceptName</classname>
      <dateChanged id="361">2019-06-17 09:14:56</dateChanged>
    </org.openmrs.module.metadatasharing.Item>
    <org.openmrs.module.metadatasharing.Item id="362" uuid="15f4c8e5-320b-42b4-b650-37977f1638fb">
      <id>142623</id>
      <classname>org.openmrs.ConceptName</classname>
      <dateChanged id="363">2019-06-17 08:56:45</dateChanged>
    </org.openmrs.module.metadatasharing.Item>
    <org.openmrs.module.metadatasharing.Item id="364" uuid="ac2022f6-51dc-40ea-a076-de6b98978597">
      <id>142624</id>
      <classname>org.openmrs.ConceptName</classname>
      <dateChanged id="365">2019-06-17 08:56:45</dateChanged>
    </org.openmrs.module.metadatasharing.Item>
    <org.openmrs.module.metadatasharing.Item id="366" uuid="9c3e91a3-154e-4299-8040-fcace57bc151">
      <id>142673</id>
      <classname>org.openmrs.ConceptName</classname>
      <dateChanged id="367">2019-06-17 09:18:19</dateChanged>
    </org.openmrs.module.metadatasharing.Item>
    <org.openmrs.module.metadatasharing.Item id="368" uuid="ba9c6e15-bb91-41c9-9932-d5f6a78f7c2b">
      <id>142674</id>
      <classname>org.openmrs.ConceptName</classname>
      <dateChanged id="369">2019-06-17 09:18:19</dateChanged>
    </org.openmrs.module.metadatasharing.Item>
    <org.openmrs.module.metadatasharing.Item id="370" uuid="f7ef965f-4d14-4afd-9fc2-1423045a4244">
      <id>142693</id>
      <classname>org.openmrs.ConceptName</classname>
      <dateChanged id="371">2019-06-17 09:25:07</dateChanged>
    </org.openmrs.module.metadatasharing.Item>
    <org.openmrs.module.metadatasharing.Item id="372" uuid="c1e9892f-61e1-486f-99cf-078b10e0647d">
      <id>142694</id>
      <classname>org.openmrs.ConceptName</classname>
      <dateChanged id="373">2019-06-17 09:25:07</dateChanged>
    </org.openmrs.module.metadatasharing.Item>
    <org.openmrs.module.metadatasharing.Item id="374" uuid="0bb41010-1bbc-4f3a-8ae8-f664b5c6a6db">
      <id>142611</id>
      <classname>org.openmrs.ConceptName</classname>
      <dateChanged id="375">2019-06-17 08:52:28</dateChanged>
    </org.openmrs.module.metadatasharing.Item>
    <org.openmrs.module.metadatasharing.Item id="376" uuid="cbb14187-e495-4e2d-8448-a2b3c89e6d9a">
      <id>142612</id>
      <classname>org.openmrs.ConceptName</classname>
      <dateChanged id="377">2019-06-17 08:52:28</dateChanged>
    </org.openmrs.module.metadatasharing.Item>
    <org.openmrs.module.metadatasharing.Item id="378" uuid="347d23ce-31d8-4ab8-87ed-46d8506463a4">
      <id>142607</id>
      <classname>org.openmrs.ConceptName</classname>
      <dateChanged id="379">2019-06-17 08:51:02</dateChanged>
    </org.openmrs.module.metadatasharing.Item>
    <org.openmrs.module.metadatasharing.Item id="380" uuid="2d2332ff-2702-4545-93d1-3ba77376d49c">
      <id>142608</id>
      <classname>org.openmrs.ConceptName</classname>
      <dateChanged id="381">2019-06-17 08:51:02</dateChanged>
    </org.openmrs.module.metadatasharing.Item>
    <org.openmrs.module.metadatasharing.Item id="382" uuid="dccb608f-c1d3-4fc3-b2c0-3ab9a7b29b3b">
      <id>142677</id>
      <classname>org.openmrs.ConceptName</classname>
      <dateChanged id="383">2019-06-17 09:19:36</dateChanged>
    </org.openmrs.module.metadatasharing.Item>
    <org.openmrs.module.metadatasharing.Item id="384" uuid="f4cef813-855a-4eb9-93eb-35160566ee7a">
      <id>142678</id>
      <classname>org.openmrs.ConceptName</classname>
      <dateChanged id="385">2019-06-17 09:19:36</dateChanged>
    </org.openmrs.module.metadatasharing.Item>
    <org.openmrs.module.metadatasharing.Item id="386" uuid="727279fe-f5a2-4917-af34-6e2e77c381ca">
      <id>142679</id>
      <classname>org.openmrs.ConceptName</classname>
      <dateChanged id="387">2019-06-17 09:20:15</dateChanged>
    </org.openmrs.module.metadatasharing.Item>
    <org.openmrs.module.metadatasharing.Item id="388" uuid="198589c4-9745-4796-bf65-a1a5c8785109">
      <id>142680</id>
      <classname>org.openmrs.ConceptName</classname>
      <dateChanged id="389">2019-06-17 09:20:15</dateChanged>
    </org.openmrs.module.metadatasharing.Item>
    <org.openmrs.module.metadatasharing.Item id="390" uuid="1a5e5e08-7a95-45ed-b126-a8300af0eef0">
      <id>142699</id>
      <classname>org.openmrs.ConceptName</classname>
      <dateChanged id="391">2019-06-17 09:27:03</dateChanged>
    </org.openmrs.module.metadatasharing.Item>
    <org.openmrs.module.metadatasharing.Item id="392" uuid="73631433-87d0-45b1-8ba4-75f3759c32a3">
      <id>142700</id>
      <classname>org.openmrs.ConceptName</classname>
      <dateChanged id="393">2019-06-17 09:27:03</dateChanged>
    </org.openmrs.module.metadatasharing.Item>
    <org.openmrs.module.metadatasharing.Item id="394" uuid="80e0c132-b8c2-4dee-a87c-c6bcf7a03e99">
      <id>142585</id>
      <classname>org.openmrs.ConceptName</classname>
      <dateChanged id="395">2019-06-17 08:39:53</dateChanged>
    </org.openmrs.module.metadatasharing.Item>
    <org.openmrs.module.metadatasharing.Item id="396" uuid="46919dee-9e3c-4f1e-8da5-59e2428d84c2">
      <id>142586</id>
      <classname>org.openmrs.ConceptName</classname>
      <dateChanged id="397">2019-06-17 08:39:53</dateChanged>
    </org.openmrs.module.metadatasharing.Item>
    <org.openmrs.module.metadatasharing.Item id="398" uuid="203ec42d-6288-4b70-8830-5c02212c1826">
      <id>142695</id>
      <classname>org.openmrs.ConceptName</classname>
      <dateChanged id="399">2019-06-17 09:25:49</dateChanged>
    </org.openmrs.module.metadatasharing.Item>
    <org.openmrs.module.metadatasharing.Item id="400" uuid="4494a543-7c5c-4597-99d6-60408111f987">
      <id>142696</id>
      <classname>org.openmrs.ConceptName</classname>
      <dateChanged id="401">2019-06-17 09:25:49</dateChanged>
    </org.openmrs.module.metadatasharing.Item>
    <org.openmrs.module.metadatasharing.Item id="402" uuid="97d6081c-5c3b-43c4-9aaf-d32490b906ca">
      <id>142691</id>
      <classname>org.openmrs.ConceptName</classname>
      <dateChanged id="403">2019-06-17 09:24:25</dateChanged>
    </org.openmrs.module.metadatasharing.Item>
    <org.openmrs.module.metadatasharing.Item id="404" uuid="9314f0af-b3ed-42ca-b5f0-443c1af74aca">
      <id>142692</id>
      <classname>org.openmrs.ConceptName</classname>
      <dateChanged id="405">2019-06-17 09:24:25</dateChanged>
    </org.openmrs.module.metadatasharing.Item>
    <org.openmrs.module.metadatasharing.Item id="406" uuid="15bc7a29-0782-4c4b-9cbc-15c5de64d993">
      <id>142701</id>
      <classname>org.openmrs.ConceptName</classname>
      <dateChanged id="407">2019-06-17 09:27:40</dateChanged>
    </org.openmrs.module.metadatasharing.Item>
    <org.openmrs.module.metadatasharing.Item id="408" uuid="2e343f4a-4e78-4756-8dd5-eeb70a508f70">
      <id>142702</id>
      <classname>org.openmrs.ConceptName</classname>
      <dateChanged id="409">2019-06-17 09:27:40</dateChanged>
    </org.openmrs.module.metadatasharing.Item>
    <org.openmrs.module.metadatasharing.Item id="410" uuid="7ed72fa3-c5ca-4cbf-b2f0-4a8e9cb7d725">
      <id>142655</id>
      <classname>org.openmrs.ConceptName</classname>
      <dateChanged id="411">2019-06-17 09:11:59</dateChanged>
    </org.openmrs.module.metadatasharing.Item>
    <org.openmrs.module.metadatasharing.Item id="412" uuid="5571f6c2-b70c-490b-b2ef-7b0c0ded18a3">
      <id>142656</id>
      <classname>org.openmrs.ConceptName</classname>
      <dateChanged id="413">2019-06-17 09:11:59</dateChanged>
    </org.openmrs.module.metadatasharing.Item>
    <org.openmrs.module.metadatasharing.Item id="414" uuid="dff5551a-624c-45ba-8d0f-08d22fb4a5f6">
      <id>142637</id>
      <classname>org.openmrs.ConceptName</classname>
      <dateChanged id="415">2019-06-17 09:04:52</dateChanged>
    </org.openmrs.module.metadatasharing.Item>
    <org.openmrs.module.metadatasharing.Item id="416" uuid="a3fba54f-0973-4ee1-9d2b-41bde7fb8539">
      <id>142638</id>
      <classname>org.openmrs.ConceptName</classname>
      <dateChanged id="417">2019-06-17 09:04:52</dateChanged>
    </org.openmrs.module.metadatasharing.Item>
    <org.openmrs.module.metadatasharing.Item id="418" uuid="5298654a-3258-4904-ad28-52f9f29833a5">
      <id>142665</id>
      <classname>org.openmrs.ConceptName</classname>
      <dateChanged id="419">2019-06-17 09:15:38</dateChanged>
    </org.openmrs.module.metadatasharing.Item>
    <org.openmrs.module.metadatasharing.Item id="420" uuid="b55f74f1-1ae3-4adc-b600-86e011f930eb">
      <id>142666</id>
      <classname>org.openmrs.ConceptName</classname>
      <dateChanged id="421">2019-06-17 09:15:38</dateChanged>
    </org.openmrs.module.metadatasharing.Item>
    <org.openmrs.module.metadatasharing.Item id="422" uuid="1aedbaa6-8818-40a0-90d6-46ad1ef0b58f">
      <id>142569</id>
      <classname>org.openmrs.ConceptName</classname>
      <dateChanged id="423">2019-06-17 08:33:31</dateChanged>
    </org.openmrs.module.metadatasharing.Item>
    <org.openmrs.module.metadatasharing.Item id="424" uuid="c358448c-3ee0-48fb-b257-77c7f1c65a3f">
      <id>142570</id>
      <classname>org.openmrs.ConceptName</classname>
      <dateChanged id="425">2019-06-17 08:33:31</dateChanged>
    </org.openmrs.module.metadatasharing.Item>
    <org.openmrs.module.metadatasharing.Item id="426" uuid="6c2907ff-cd27-4e44-b833-37a31bb2c530">
      <id>142707</id>
      <classname>org.openmrs.ConceptName</classname>
      <dateChanged id="427">2019-06-17 09:30:17</dateChanged>
    </org.openmrs.module.metadatasharing.Item>
    <org.openmrs.module.metadatasharing.Item id="428" uuid="48171fa0-718f-4537-864b-3db1395bf35b">
      <id>142708</id>
      <classname>org.openmrs.ConceptName</classname>
      <dateChanged id="429">2019-06-17 09:30:17</dateChanged>
    </org.openmrs.module.metadatasharing.Item>
    <org.openmrs.module.metadatasharing.Item id="430" uuid="7d4734e4-b112-49af-aa04-f3ba33ae5052">
      <id>142657</id>
      <classname>org.openmrs.ConceptName</classname>
      <dateChanged id="431">2019-06-17 09:12:39</dateChanged>
    </org.openmrs.module.metadatasharing.Item>
    <org.openmrs.module.metadatasharing.Item id="432" uuid="40a7b845-2df6-40a5-ad60-c466ed6fc794">
      <id>142658</id>
      <classname>org.openmrs.ConceptName</classname>
      <dateChanged id="433">2019-06-17 09:12:39</dateChanged>
    </org.openmrs.module.metadatasharing.Item>
    <org.openmrs.module.metadatasharing.Item id="434" uuid="55e53b4a-572b-40bd-8445-d558bdd91956">
      <id>142619</id>
      <classname>org.openmrs.ConceptName</classname>
      <dateChanged id="435">2019-06-17 08:55:30</dateChanged>
    </org.openmrs.module.metadatasharing.Item>
    <org.openmrs.module.metadatasharing.Item id="436" uuid="661494a6-2934-4043-94db-4a5518ba85eb">
      <id>142620</id>
      <classname>org.openmrs.ConceptName</classname>
      <dateChanged id="437">2019-06-17 08:55:30</dateChanged>
    </org.openmrs.module.metadatasharing.Item>
    <org.openmrs.module.metadatasharing.Item id="438" uuid="8ab682ac-64fc-4c82-9799-a025ef23f4b1">
      <id>142589</id>
      <classname>org.openmrs.ConceptName</classname>
      <dateChanged id="439">2019-06-17 08:41:15</dateChanged>
    </org.openmrs.module.metadatasharing.Item>
    <org.openmrs.module.metadatasharing.Item id="440" uuid="fc8261e3-0eeb-4ea6-bcc8-fa0a7e32efd6">
      <id>142590</id>
      <classname>org.openmrs.ConceptName</classname>
      <dateChanged id="441">2019-06-17 08:41:15</dateChanged>
    </org.openmrs.module.metadatasharing.Item>
    <org.openmrs.module.metadatasharing.Item id="442" uuid="23017005-b6ae-401a-ad48-7eefd61431ea">
      <id>142631</id>
      <classname>org.openmrs.ConceptName</classname>
      <dateChanged id="443">2019-06-17 09:01:18</dateChanged>
    </org.openmrs.module.metadatasharing.Item>
    <org.openmrs.module.metadatasharing.Item id="444" uuid="0596921b-ee75-4635-99e5-96bfb0224295">
      <id>142632</id>
      <classname>org.openmrs.ConceptName</classname>
      <dateChanged id="445">2019-06-17 09:01:18</dateChanged>
    </org.openmrs.module.metadatasharing.Item>
    <org.openmrs.module.metadatasharing.Item id="446" uuid="8bc49be6-2714-42b2-8056-71c38f9af41a">
      <id>142617</id>
      <classname>org.openmrs.ConceptName</classname>
      <dateChanged id="447">2019-06-17 08:54:47</dateChanged>
    </org.openmrs.module.metadatasharing.Item>
    <org.openmrs.module.metadatasharing.Item id="448" uuid="04546bfc-384c-4d69-b950-0e2ece8152cd">
      <id>142618</id>
      <classname>org.openmrs.ConceptName</classname>
      <dateChanged id="449">2019-06-17 08:54:47</dateChanged>
    </org.openmrs.module.metadatasharing.Item>
    <org.openmrs.module.metadatasharing.Item id="450" uuid="c44baa04-f62a-4d9d-ab23-b8312a4258bf">
      <id>142601</id>
      <classname>org.openmrs.ConceptName</classname>
      <dateChanged id="451">2019-06-17 08:45:57</dateChanged>
    </org.openmrs.module.metadatasharing.Item>
    <org.openmrs.module.metadatasharing.Item id="452" uuid="d75efdd1-6bc3-4611-aac6-954221336e93">
      <id>142602</id>
      <classname>org.openmrs.ConceptName</classname>
      <dateChanged id="453">2019-06-17 08:45:57</dateChanged>
    </org.openmrs.module.metadatasharing.Item>
    <org.openmrs.module.metadatasharing.Item id="454" uuid="53d795a3-d8f6-45eb-a16f-4cd27f58440d">
      <id>142675</id>
      <classname>org.openmrs.ConceptName</classname>
      <dateChanged id="455">2019-06-17 09:18:57</dateChanged>
    </org.openmrs.module.metadatasharing.Item>
    <org.openmrs.module.metadatasharing.Item id="456" uuid="4fe112e3-81e4-4db7-9c32-2c6e15d44893">
      <id>142676</id>
      <classname>org.openmrs.ConceptName</classname>
      <dateChanged id="457">2019-06-17 09:18:57</dateChanged>
    </org.openmrs.module.metadatasharing.Item>
  </relatedItems>
</package>
