<?xml version="1.0" encoding="UTF-8"?>
<package id="1" uuid="d25e6716-e536-41ef-a045-ad27f9bb137a">
  <dateCreated id="2">2019-06-24 13:52:44</dateCreated>
  <name>iSantePlus custom dictionary small</name>
  <description>Small number of concepts</description>
  <openmrsVersion>2.0.5 SNAPSHOT Build 0</openmrsVersion>
  <version>1</version>
  <groupUuid>bafbfb83-282f-4abb-bb2a-1328365c6e5d</groupUuid>
  <modules id="3">
    <entry>
      <string>calculation</string>
      <string>1.2</string>
    </entry>
    <entry>
      <string>legacyui</string>
      <string>1.3.1</string>
    </entry>
    <entry>
      <string>referenceapplication</string>
      <string>2.6.0</string>
    </entry>
    <entry>
      <string>labintegration</string>
      <string>1.0.0-SNAPSHOT</string>
    </entry>
    <entry>
      <string>metadatadeploy</string>
      <string>1.8.1</string>
    </entry>
    <entry>
      <string>outgoing-message-exceptions</string>
      <string>1.0.0</string>
    </entry>
    <entry>
      <string>appointmentscheduling</string>
      <string>1.8.0</string>
    </entry>
    <entry>
      <string>atlas</string>
      <string>2.2</string>
    </entry>
    <entry>
      <string>metadatasharing</string>
      <string>1.2.2</string>
    </entry>
    <entry>
      <string>appointmentschedulingui</string>
      <string>1.6.0</string>
    </entry>
    <entry>
      <string>allergyui</string>
      <string>1.7.0</string>
    </entry>
    <entry>
      <string>formentryapp</string>
      <string>1.4.2-SNAPSHOT</string>
    </entry>
    <entry>
      <string>chartsearch</string>
      <string>2.0</string>
    </entry>
    <entry>
      <string>isanteplusreports</string>
      <string>1.0</string>
    </entry>
    <entry>
      <string>providermanagement</string>
      <string>2.6.0</string>
    </entry>
    <entry>
      <string>haiticore</string>
      <string>1.0.0-SNAPSHOT</string>
    </entry>
    <entry>
      <string>htmlwidgets</string>
      <string>1.9.0</string>
    </entry>
    <entry>
      <string>dataexchange</string>
      <string>1.3.2</string>
    </entry>
    <entry>
      <string>addresshierarchy</string>
      <string>2.11.0-SNAPSHOT</string>
    </entry>
    <entry>
      <string>reportingrest</string>
      <string>1.8.0</string>
    </entry>
    <entry>
      <string>uiframework</string>
      <string>3.11.0</string>
    </entry>
    <entry>
      <string>reportingui</string>
      <string>1.3.0</string>
    </entry>
    <entry>
      <string>referencemetadata</string>
      <string>2.7.0-SNAPSHOT</string>
    </entry>
    <entry>
      <string>event</string>
      <string>2.5</string>
    </entry>
    <entry>
      <string>uicommons</string>
      <string>2.4.0-SNAPSHOT</string>
    </entry>
    <entry>
      <string>patientflags</string>
      <string>2.0.0-SNAPSHOT</string>
    </entry>
    <entry>
      <string>reporting</string>
      <string>1.12.0</string>
    </entry>
    <entry>
      <string>emrapi</string>
      <string>1.21.0</string>
    </entry>
    <entry>
      <string>registrationapp</string>
      <string>1.10.0-SNAPSHOT</string>
    </entry>
    <entry>
      <string>idgen</string>
      <string>4.4.1</string>
    </entry>
    <entry>
      <string>htmlformentryui</string>
      <string>1.6.3</string>
    </entry>
    <entry>
      <string>htmlformentry</string>
      <string>3.3.2</string>
    </entry>
    <entry>
      <string>reportingcompatibility</string>
      <string>2.0.2</string>
    </entry>
    <entry>
      <string>uilibrary</string>
      <string>2.0.4</string>
    </entry>
    <entry>
      <string>m2sys-biometrics</string>
      <string>1.0.0</string>
    </entry>
    <entry>
      <string>appframework</string>
      <string>2.10.0</string>
    </entry>
    <entry>
      <string>isanteplus</string>
      <string>1.2-SNAPSHOT</string>
    </entry>
    <entry>
      <string>webservices.rest</string>
      <string>2.19.0.f2b4a2</string>
    </entry>
    <entry>
      <string>adminui</string>
      <string>1.2.3-SNAPSHOT</string>
    </entry>
    <entry>
      <string>xds-sender</string>
      <string>1.0.0</string>
    </entry>
    <entry>
      <string>registrationcore</string>
      <string>1.7.2-SNAPSHOT</string>
    </entry>
    <entry>
      <string>owa</string>
      <string>1.7.0</string>
    </entry>
    <entry>
      <string>metadatamapping</string>
      <string>1.3.2</string>
    </entry>
    <entry>
      <string>coreapps</string>
      <string>1.19.0-SNAPSHOT</string>
    </entry>
    <entry>
      <string>appui</string>
      <string>1.9.0-SNAPSHOT</string>
    </entry>
    <entry>
      <string>serialization.xstream</string>
      <string>0.2.12</string>
    </entry>
  </modules>
  <items class="linked-hash-set" id="4">
    <org.openmrs.module.metadatasharing.Item id="5" uuid="3d584639-8c55-45de-b202-f7405af953df">
      <id>509165473</id>
      <classname>org.openmrs.Concept</classname>
      <dateChanged id="6">2019-06-16 19:35:06</dateChanged>
      <retired>false</retired>
    </org.openmrs.module.metadatasharing.Item>
    <org.openmrs.module.metadatasharing.Item id="7" uuid="280f7e9e-73de-4fa1-899e-3e4db50915db">
      <id>509165467</id>
      <classname>org.openmrs.Concept</classname>
      <dateChanged id="8">2019-06-13 17:38:36</dateChanged>
      <retired>false</retired>
    </org.openmrs.module.metadatasharing.Item>
    <org.openmrs.module.metadatasharing.Item id="9" uuid="bfa2b9d6-75d1-407e-b4a9-1df36e639429">
      <id>509165476</id>
      <classname>org.openmrs.Concept</classname>
      <dateChanged id="10">2019-06-16 19:37:08</dateChanged>
      <retired>false</retired>
    </org.openmrs.module.metadatasharing.Item>
    <org.openmrs.module.metadatasharing.Item id="11" uuid="78b69c38-8119-4634-8def-4b75e079243f">
      <id>509165469</id>
      <classname>org.openmrs.Concept</classname>
      <dateChanged id="12">2019-06-14 10:08:08</dateChanged>
      <retired>false</retired>
    </org.openmrs.module.metadatasharing.Item>
    <org.openmrs.module.metadatasharing.Item id="13" uuid="7ff8201b-93b9-4aa3-b86c-ab9c567a1f35">
      <id>509165472</id>
      <classname>org.openmrs.Concept</classname>
      <dateChanged id="14">2019-06-16 19:34:20</dateChanged>
      <retired>false</retired>
    </org.openmrs.module.metadatasharing.Item>
    <org.openmrs.module.metadatasharing.Item id="15" uuid="244851ca-731c-4ee1-8557-4c75cb38fe9b">
      <id>509165474</id>
      <classname>org.openmrs.Concept</classname>
      <dateChanged id="16">2019-06-16 19:35:44</dateChanged>
      <retired>false</retired>
    </org.openmrs.module.metadatasharing.Item>
    <org.openmrs.module.metadatasharing.Item id="17" uuid="3777f798-60fd-4f8c-acb6-c9bf879c8913">
      <id>509165475</id>
      <classname>org.openmrs.Concept</classname>
      <dateChanged id="18">2019-06-16 19:36:23</dateChanged>
      <retired>false</retired>
    </org.openmrs.module.metadatasharing.Item>
    <org.openmrs.module.metadatasharing.Item id="19" uuid="8d118f23-1934-4ae3-9a0c-2045dd67c849">
      <id>509165468</id>
      <classname>org.openmrs.Concept</classname>
      <dateChanged id="20">2019-06-13 18:13:02</dateChanged>
      <retired>false</retired>
    </org.openmrs.module.metadatasharing.Item>
    <org.openmrs.module.metadatasharing.Item id="21" uuid="64e7b85c-355e-4c40-a11e-2893934bb38b">
      <id>509165470</id>
      <classname>org.openmrs.Concept</classname>
      <dateChanged id="22">2019-06-14 10:09:20</dateChanged>
      <retired>false</retired>
    </org.openmrs.module.metadatasharing.Item>
    <org.openmrs.module.metadatasharing.Item id="23" uuid="81db35ed-27a7-4e26-a54a-1ddff821ca5e">
      <id>509165471</id>
      <classname>org.openmrs.Concept</classname>
      <dateChanged id="24">2019-06-14 10:16:17</dateChanged>
      <retired>false</retired>
    </org.openmrs.module.metadatasharing.Item>
  </items>
  <relatedItems class="linked-hash-set" id="25">
    <org.openmrs.module.metadatasharing.Item id="26" uuid="8d4a4c94-c2cc-11de-8d13-0010c6dffd0f">
      <id>4</id>
      <classname>org.openmrs.ConceptDatatype</classname>
      <dateChanged id="27">2004-02-02 00:00:00</dateChanged>
      <retired>false</retired>
    </org.openmrs.module.metadatasharing.Item>
    <org.openmrs.module.metadatasharing.Item id="28" uuid="8d492774-c2cc-11de-8d13-0010c6dffd0f">
      <id>11</id>
      <classname>org.openmrs.ConceptClass</classname>
      <dateChanged id="29">2004-03-02 00:00:00</dateChanged>
      <retired>false</retired>
    </org.openmrs.module.metadatasharing.Item>
    <org.openmrs.module.metadatasharing.Item id="30" uuid="a731b258-62a0-4676-8c29-04868f6a1ba9">
      <id>142458</id>
      <classname>org.openmrs.ConceptName</classname>
      <dateChanged id="31">2019-06-16 19:35:06</dateChanged>
    </org.openmrs.module.metadatasharing.Item>
    <org.openmrs.module.metadatasharing.Item id="32" uuid="f014804e-a5fd-486d-bc3a-b11b93c1bae2">
      <id>142459</id>
      <classname>org.openmrs.ConceptName</classname>
      <dateChanged id="33">2019-06-16 19:35:06</dateChanged>
    </org.openmrs.module.metadatasharing.Item>
    <org.openmrs.module.metadatasharing.Item id="34" uuid="037cc49d-c802-47e4-becb-5e6a9de25c91">
      <id>142446</id>
      <classname>org.openmrs.ConceptName</classname>
      <dateChanged id="35">2019-06-13 17:38:36</dateChanged>
    </org.openmrs.module.metadatasharing.Item>
    <org.openmrs.module.metadatasharing.Item id="36" uuid="4b6c7134-b711-448c-abc2-1d9d3813d091">
      <id>142447</id>
      <classname>org.openmrs.ConceptName</classname>
      <dateChanged id="37">2019-06-13 17:38:36</dateChanged>
    </org.openmrs.module.metadatasharing.Item>
    <org.openmrs.module.metadatasharing.Item id="38" uuid="0d16abe2-66ed-497d-b5d7-707e7d0ab7ea">
      <id>142464</id>
      <classname>org.openmrs.ConceptName</classname>
      <dateChanged id="39">2019-06-16 19:37:08</dateChanged>
    </org.openmrs.module.metadatasharing.Item>
    <org.openmrs.module.metadatasharing.Item id="40" uuid="1551e70a-5040-49c1-a1e3-fb340be4494e">
      <id>142465</id>
      <classname>org.openmrs.ConceptName</classname>
      <dateChanged id="41">2019-06-16 19:37:08</dateChanged>
    </org.openmrs.module.metadatasharing.Item>
    <org.openmrs.module.metadatasharing.Item id="42" uuid="f053d577-dc86-44f5-af33-b883a5a50624">
      <id>142450</id>
      <classname>org.openmrs.ConceptName</classname>
      <dateChanged id="43">2019-06-14 10:08:08</dateChanged>
    </org.openmrs.module.metadatasharing.Item>
    <org.openmrs.module.metadatasharing.Item id="44" uuid="bb2580d4-f159-458f-a8ef-6c0f6d0a4dcc">
      <id>142451</id>
      <classname>org.openmrs.ConceptName</classname>
      <dateChanged id="45">2019-06-14 10:08:08</dateChanged>
    </org.openmrs.module.metadatasharing.Item>
    <org.openmrs.module.metadatasharing.Item id="46" uuid="b9f06319-5ebb-4d77-b5c3-baa304e19fa1">
      <id>142456</id>
      <classname>org.openmrs.ConceptName</classname>
      <dateChanged id="47">2019-06-16 19:34:20</dateChanged>
    </org.openmrs.module.metadatasharing.Item>
    <org.openmrs.module.metadatasharing.Item id="48" uuid="cf70798b-3081-4335-b330-cc3393d9c756">
      <id>142457</id>
      <classname>org.openmrs.ConceptName</classname>
      <dateChanged id="49">2019-06-16 19:34:20</dateChanged>
    </org.openmrs.module.metadatasharing.Item>
    <org.openmrs.module.metadatasharing.Item id="50" uuid="fbeb83a6-2fe4-4245-9251-4ae1e24d266d">
      <id>142460</id>
      <classname>org.openmrs.ConceptName</classname>
      <dateChanged id="51">2019-06-16 19:35:44</dateChanged>
    </org.openmrs.module.metadatasharing.Item>
    <org.openmrs.module.metadatasharing.Item id="52" uuid="782314fa-f139-423e-a691-5b76d0405e97">
      <id>142461</id>
      <classname>org.openmrs.ConceptName</classname>
      <dateChanged id="53">2019-06-16 19:35:44</dateChanged>
    </org.openmrs.module.metadatasharing.Item>
    <org.openmrs.module.metadatasharing.Item id="54" uuid="7d184217-33ea-4a7b-9731-cf4586020e6a">
      <id>142462</id>
      <classname>org.openmrs.ConceptName</classname>
      <dateChanged id="55">2019-06-16 19:36:23</dateChanged>
    </org.openmrs.module.metadatasharing.Item>
    <org.openmrs.module.metadatasharing.Item id="56" uuid="1c9913db-485f-4139-809d-199698cc5766">
      <id>142463</id>
      <classname>org.openmrs.ConceptName</classname>
      <dateChanged id="57">2019-06-16 19:36:23</dateChanged>
    </org.openmrs.module.metadatasharing.Item>
    <org.openmrs.module.metadatasharing.Item id="58" uuid="1271a3c4-a4e1-4e09-a2f2-ad0f7fb70f3a">
      <id>142448</id>
      <classname>org.openmrs.ConceptName</classname>
      <dateChanged id="59">2019-06-13 18:13:02</dateChanged>
    </org.openmrs.module.metadatasharing.Item>
    <org.openmrs.module.metadatasharing.Item id="60" uuid="a399ce22-d60e-4fb1-81ea-29a445cbf781">
      <id>142449</id>
      <classname>org.openmrs.ConceptName</classname>
      <dateChanged id="61">2019-06-13 18:13:02</dateChanged>
    </org.openmrs.module.metadatasharing.Item>
    <org.openmrs.module.metadatasharing.Item id="62" uuid="f60acbeb-405e-4c23-8d4d-1b908a6005ff">
      <id>142452</id>
      <classname>org.openmrs.ConceptName</classname>
      <dateChanged id="63">2019-06-14 10:09:20</dateChanged>
    </org.openmrs.module.metadatasharing.Item>
    <org.openmrs.module.metadatasharing.Item id="64" uuid="17629752-7190-4265-ade9-01f1d0e2c6dd">
      <id>142453</id>
      <classname>org.openmrs.ConceptName</classname>
      <dateChanged id="65">2019-06-14 10:09:20</dateChanged>
    </org.openmrs.module.metadatasharing.Item>
    <org.openmrs.module.metadatasharing.Item id="66" uuid="b1515fb7-74ac-49ac-9714-a59c96acab52">
      <id>142454</id>
      <classname>org.openmrs.ConceptName</classname>
      <dateChanged id="67">2019-06-14 10:16:17</dateChanged>
    </org.openmrs.module.metadatasharing.Item>
    <org.openmrs.module.metadatasharing.Item id="68" uuid="09fc6136-0f33-4183-9a03-e0a55895b857">
      <id>142455</id>
      <classname>org.openmrs.ConceptName</classname>
      <dateChanged id="69">2019-06-14 10:16:17</dateChanged>
    </org.openmrs.module.metadatasharing.Item>
  </relatedItems>
</package>
