<?xml version="1.0" encoding="UTF-8"?>
<list id="1">
  <org.openmrs.Concept id="2" uuid="3d584639-8c55-45de-b202-f7405af953df">
    <conceptId>509165473</conceptId>
    <retired>false</retired>
    <datatype id="3" resolves-to="org.openmrs.ConceptDatatype" uuid="8d4a4c94-c2cc-11de-8d13-0010c6dffd0f">
      <name>N/A</name>
      <description>Not associated with a datatype (e.g., term answers, sets)</description>
      <creator/>
      <dateCreated id="4">2004-02-02 00:00:00</dateCreated>
      <retired>false</retired>
      <retiredBy/>
      <conceptDatatypeId>4</conceptDatatypeId>
      <hl7Abbreviation>ZZ</hl7Abbreviation>
    </datatype>
    <conceptClass id="5" resolves-to="org.openmrs.ConceptClass" uuid="8d492774-c2cc-11de-8d13-0010c6dffd0f">
      <name>Misc</name>
      <description>Terms which don&apos;t fit other categories</description>
      <creator/>
      <dateCreated id="6">2004-03-02 00:00:00</dateCreated>
      <retired>false</retired>
      <retiredBy/>
      <conceptClassId>11</conceptClassId>
    </conceptClass>
    <set>false</set>
    <creator/>
    <dateCreated id="7">2019-06-16 19:35:06</dateCreated>
    <changedBy/>
    <dateChanged id="8">2019-06-16 19:35:06</dateChanged>
    <names class="set" id="9">
      <org.openmrs.ConceptName id="10" uuid="a731b258-62a0-4676-8c29-04868f6a1ba9">
        <conceptNameId>142458</conceptNameId>
        <concept reference="2"/>
        <name>Signes et Symptômes  Hémoptysie groupe</name>
        <locale id="11">fr</locale>
        <creator/>
        <dateCreated id="12">2019-06-16 19:35:06</dateCreated>
        <voided>false</voided>
        <tags class="set" id="13"/>
        <conceptNameType>FULLY_SPECIFIED</conceptNameType>
        <localePreferred>true</localePreferred>
      </org.openmrs.ConceptName>
      <org.openmrs.ConceptName id="14" uuid="f014804e-a5fd-486d-bc3a-b11b93c1bae2">
        <conceptNameId>142459</conceptNameId>
        <concept reference="2"/>
        <name>Signs and Symptoms Hemoptysis group</name>
        <locale id="15">en</locale>
        <creator/>
        <dateCreated id="16">2019-06-16 19:35:06</dateCreated>
        <voided>false</voided>
        <tags class="set" id="17"/>
        <conceptNameType>FULLY_SPECIFIED</conceptNameType>
        <localePreferred>true</localePreferred>
      </org.openmrs.ConceptName>
    </names>
    <answers class="set" id="18"/>
    <conceptSets class="set" id="19"/>
    <descriptions class="set" id="20"/>
    <conceptMappings class="set" id="21"/>
    <attributes id="22"/>
  </org.openmrs.Concept>
  <org.openmrs.Concept id="23" uuid="280f7e9e-73de-4fa1-899e-3e4db50915db">
    <conceptId>509165467</conceptId>
    <retired>false</retired>
    <datatype reference="3"/>
    <conceptClass reference="5"/>
    <set>false</set>
    <creator/>
    <dateCreated id="24">2019-06-13 17:38:36</dateCreated>
    <changedBy/>
    <dateChanged id="25">2019-06-13 17:38:36</dateChanged>
    <names class="set" id="26">
      <org.openmrs.ConceptName id="27" uuid="037cc49d-c802-47e4-becb-5e6a9de25c91">
        <conceptNameId>142446</conceptNameId>
        <concept reference="23"/>
        <name>Signs and Symptoms Abdominal pain group</name>
        <locale id="28">en</locale>
        <creator/>
        <dateCreated id="29">2019-06-13 17:38:36</dateCreated>
        <voided>false</voided>
        <tags class="set" id="30"/>
        <conceptNameType>FULLY_SPECIFIED</conceptNameType>
        <localePreferred>true</localePreferred>
      </org.openmrs.ConceptName>
      <org.openmrs.ConceptName id="31" uuid="4b6c7134-b711-448c-abc2-1d9d3813d091">
        <conceptNameId>142447</conceptNameId>
        <concept reference="23"/>
        <name>Signes et Symptômes Douleur abdominale groupe</name>
        <locale id="32">fr</locale>
        <creator/>
        <dateCreated id="33">2019-06-13 17:38:36</dateCreated>
        <voided>false</voided>
        <tags class="set" id="34"/>
        <conceptNameType>FULLY_SPECIFIED</conceptNameType>
        <localePreferred>true</localePreferred>
      </org.openmrs.ConceptName>
    </names>
    <answers class="set" id="35"/>
    <conceptSets class="set" id="36"/>
    <descriptions class="set" id="37"/>
    <conceptMappings class="set" id="38"/>
    <attributes id="39"/>
  </org.openmrs.Concept>
  <org.openmrs.Concept id="40" uuid="bfa2b9d6-75d1-407e-b4a9-1df36e639429">
    <conceptId>509165476</conceptId>
    <retired>false</retired>
    <datatype reference="3"/>
    <conceptClass reference="5"/>
    <set>false</set>
    <creator/>
    <dateCreated id="41">2019-06-16 19:37:08</dateCreated>
    <changedBy/>
    <dateChanged id="42">2019-06-16 19:37:08</dateChanged>
    <names class="set" id="43">
      <org.openmrs.ConceptName id="44" uuid="0d16abe2-66ed-497d-b5d7-707e7d0ab7ea">
        <conceptNameId>142464</conceptNameId>
        <concept reference="40"/>
        <name>Signs and Symptoms Dysaesthesia group</name>
        <locale id="45">en</locale>
        <creator/>
        <dateCreated id="46">2019-06-16 19:37:08</dateCreated>
        <voided>false</voided>
        <tags class="set" id="47"/>
        <conceptNameType>FULLY_SPECIFIED</conceptNameType>
        <localePreferred>true</localePreferred>
      </org.openmrs.ConceptName>
      <org.openmrs.ConceptName id="48" uuid="1551e70a-5040-49c1-a1e3-fb340be4494e">
        <conceptNameId>142465</conceptNameId>
        <concept reference="40"/>
        <name>Signes et Symptômes Perte de sensibilité groupe</name>
        <locale id="49">fr</locale>
        <creator/>
        <dateCreated id="50">2019-06-16 19:37:08</dateCreated>
        <voided>false</voided>
        <tags class="set" id="51"/>
        <conceptNameType>FULLY_SPECIFIED</conceptNameType>
        <localePreferred>true</localePreferred>
      </org.openmrs.ConceptName>
    </names>
    <answers class="set" id="52"/>
    <conceptSets class="set" id="53"/>
    <descriptions class="set" id="54"/>
    <conceptMappings class="set" id="55"/>
    <attributes id="56"/>
  </org.openmrs.Concept>
  <org.openmrs.Concept id="57" uuid="78b69c38-8119-4634-8def-4b75e079243f">
    <conceptId>509165469</conceptId>
    <retired>false</retired>
    <datatype reference="3"/>
    <conceptClass reference="5"/>
    <set>false</set>
    <creator/>
    <dateCreated id="58">2019-06-14 10:08:08</dateCreated>
    <changedBy/>
    <dateChanged id="59">2019-06-14 10:08:08</dateChanged>
    <names class="set" id="60">
      <org.openmrs.ConceptName id="61" uuid="f053d577-dc86-44f5-af33-b883a5a50624">
        <conceptNameId>142450</conceptNameId>
        <concept reference="57"/>
        <name>Signes et Symptômes Toux groupe</name>
        <locale id="62">fr</locale>
        <creator/>
        <dateCreated id="63">2019-06-14 10:08:08</dateCreated>
        <voided>false</voided>
        <tags class="set" id="64"/>
        <conceptNameType>FULLY_SPECIFIED</conceptNameType>
        <localePreferred>true</localePreferred>
      </org.openmrs.ConceptName>
      <org.openmrs.ConceptName id="65" uuid="bb2580d4-f159-458f-a8ef-6c0f6d0a4dcc">
        <conceptNameId>142451</conceptNameId>
        <concept reference="57"/>
        <name>Signs and Symptoms Cough group</name>
        <locale id="66">en</locale>
        <creator/>
        <dateCreated id="67">2019-06-14 10:08:08</dateCreated>
        <voided>false</voided>
        <tags class="set" id="68"/>
        <conceptNameType>FULLY_SPECIFIED</conceptNameType>
        <localePreferred>true</localePreferred>
      </org.openmrs.ConceptName>
    </names>
    <answers class="set" id="69"/>
    <conceptSets class="set" id="70"/>
    <descriptions class="set" id="71"/>
    <conceptMappings class="set" id="72"/>
    <attributes id="73"/>
  </org.openmrs.Concept>
  <org.openmrs.Concept id="74" uuid="7ff8201b-93b9-4aa3-b86c-ab9c567a1f35">
    <conceptId>509165472</conceptId>
    <retired>false</retired>
    <datatype reference="3"/>
    <conceptClass reference="5"/>
    <set>false</set>
    <creator/>
    <dateCreated id="75">2019-06-16 19:34:20</dateCreated>
    <changedBy/>
    <dateChanged id="76">2019-06-16 19:34:20</dateChanged>
    <names class="set" id="77">
      <org.openmrs.ConceptName id="78" uuid="b9f06319-5ebb-4d77-b5c3-baa304e19fa1">
        <conceptNameId>142456</conceptNameId>
        <concept reference="74"/>
        <name>Signes et Symptômes  Céphalée groupe</name>
        <locale id="79">fr</locale>
        <creator/>
        <dateCreated id="80">2019-06-16 19:34:20</dateCreated>
        <voided>false</voided>
        <tags class="set" id="81"/>
        <conceptNameType>FULLY_SPECIFIED</conceptNameType>
        <localePreferred>true</localePreferred>
      </org.openmrs.ConceptName>
      <org.openmrs.ConceptName id="82" uuid="cf70798b-3081-4335-b330-cc3393d9c756">
        <conceptNameId>142457</conceptNameId>
        <concept reference="74"/>
        <name>Signs and Symptoms Headache group</name>
        <locale id="83">en</locale>
        <creator/>
        <dateCreated id="84">2019-06-16 19:34:20</dateCreated>
        <voided>false</voided>
        <tags class="set" id="85"/>
        <conceptNameType>FULLY_SPECIFIED</conceptNameType>
        <localePreferred>true</localePreferred>
      </org.openmrs.ConceptName>
    </names>
    <answers class="set" id="86"/>
    <conceptSets class="set" id="87"/>
    <descriptions class="set" id="88"/>
    <conceptMappings class="set" id="89"/>
    <attributes id="90"/>
  </org.openmrs.Concept>
  <org.openmrs.Concept id="91" uuid="244851ca-731c-4ee1-8557-4c75cb38fe9b">
    <conceptId>509165474</conceptId>
    <retired>false</retired>
    <datatype reference="3"/>
    <conceptClass reference="5"/>
    <set>false</set>
    <creator/>
    <dateCreated id="92">2019-06-16 19:35:44</dateCreated>
    <changedBy/>
    <dateChanged id="93">2019-06-16 19:35:44</dateChanged>
    <names class="set" id="94">
      <org.openmrs.ConceptName id="95" uuid="fbeb83a6-2fe4-4245-9251-4ae1e24d266d">
        <conceptNameId>142460</conceptNameId>
        <concept reference="91"/>
        <name>Signes et Symptômes Nausée groupe</name>
        <locale id="96">fr</locale>
        <creator/>
        <dateCreated id="97">2019-06-16 19:35:44</dateCreated>
        <voided>false</voided>
        <tags class="set" id="98"/>
        <conceptNameType>FULLY_SPECIFIED</conceptNameType>
        <localePreferred>true</localePreferred>
      </org.openmrs.ConceptName>
      <org.openmrs.ConceptName id="99" uuid="782314fa-f139-423e-a691-5b76d0405e97">
        <conceptNameId>142461</conceptNameId>
        <concept reference="91"/>
        <name>Signs and Symptoms Nausea group</name>
        <locale id="100">en</locale>
        <creator/>
        <dateCreated id="101">2019-06-16 19:35:44</dateCreated>
        <voided>false</voided>
        <tags class="set" id="102"/>
        <conceptNameType>FULLY_SPECIFIED</conceptNameType>
        <localePreferred>true</localePreferred>
      </org.openmrs.ConceptName>
    </names>
    <answers class="set" id="103"/>
    <conceptSets class="set" id="104"/>
    <descriptions class="set" id="105"/>
    <conceptMappings class="set" id="106"/>
    <attributes id="107"/>
  </org.openmrs.Concept>
  <org.openmrs.Concept id="108" uuid="3777f798-60fd-4f8c-acb6-c9bf879c8913">
    <conceptId>509165475</conceptId>
    <retired>false</retired>
    <datatype reference="3"/>
    <conceptClass reference="5"/>
    <set>false</set>
    <creator/>
    <dateCreated id="109">2019-06-16 19:36:23</dateCreated>
    <changedBy/>
    <dateChanged id="110">2019-06-16 19:36:23</dateChanged>
    <names class="set" id="111">
      <org.openmrs.ConceptName id="112" uuid="7d184217-33ea-4a7b-9731-cf4586020e6a">
        <conceptNameId>142462</conceptNameId>
        <concept reference="108"/>
        <name>Signes et Symptômes Sueurs nocturnes groupe</name>
        <locale id="113">fr</locale>
        <creator/>
        <dateCreated id="114">2019-06-16 19:36:23</dateCreated>
        <voided>false</voided>
        <tags class="set" id="115"/>
        <conceptNameType>FULLY_SPECIFIED</conceptNameType>
        <localePreferred>true</localePreferred>
      </org.openmrs.ConceptName>
      <org.openmrs.ConceptName id="116" uuid="1c9913db-485f-4139-809d-199698cc5766">
        <conceptNameId>142463</conceptNameId>
        <concept reference="108"/>
        <name>Signs and Symptoms Night sweats group</name>
        <locale id="117">en</locale>
        <creator/>
        <dateCreated id="118">2019-06-16 19:36:23</dateCreated>
        <voided>false</voided>
        <tags class="set" id="119"/>
        <conceptNameType>FULLY_SPECIFIED</conceptNameType>
        <localePreferred>true</localePreferred>
      </org.openmrs.ConceptName>
    </names>
    <answers class="set" id="120"/>
    <conceptSets class="set" id="121"/>
    <descriptions class="set" id="122"/>
    <conceptMappings class="set" id="123"/>
    <attributes id="124"/>
  </org.openmrs.Concept>
  <org.openmrs.Concept id="125" uuid="8d118f23-1934-4ae3-9a0c-2045dd67c849">
    <conceptId>509165468</conceptId>
    <retired>false</retired>
    <datatype reference="3"/>
    <conceptClass reference="5"/>
    <set>false</set>
    <creator/>
    <dateCreated id="126">2019-06-13 18:13:02</dateCreated>
    <changedBy/>
    <dateChanged id="127">2019-06-13 18:13:02</dateChanged>
    <names class="set" id="128">
      <org.openmrs.ConceptName id="129" uuid="1271a3c4-a4e1-4e09-a2f2-ad0f7fb70f3a">
        <conceptNameId>142448</conceptNameId>
        <concept reference="125"/>
        <name>Signs and Symptoms Poor appetite gruop</name>
        <locale id="130">en</locale>
        <creator/>
        <dateCreated id="131">2019-06-13 18:13:02</dateCreated>
        <voided>false</voided>
        <tags class="set" id="132"/>
        <conceptNameType>FULLY_SPECIFIED</conceptNameType>
        <localePreferred>true</localePreferred>
      </org.openmrs.ConceptName>
      <org.openmrs.ConceptName id="133" uuid="a399ce22-d60e-4fb1-81ea-29a445cbf781">
        <conceptNameId>142449</conceptNameId>
        <concept reference="125"/>
        <name>Signes et Symptômes Anorexie/Perte d&apos;appétit groupe</name>
        <locale id="134">fr</locale>
        <creator/>
        <dateCreated id="135">2019-06-13 18:13:02</dateCreated>
        <voided>false</voided>
        <tags class="set" id="136"/>
        <conceptNameType>FULLY_SPECIFIED</conceptNameType>
        <localePreferred>true</localePreferred>
      </org.openmrs.ConceptName>
    </names>
    <answers class="set" id="137"/>
    <conceptSets class="set" id="138"/>
    <descriptions class="set" id="139"/>
    <conceptMappings class="set" id="140"/>
    <attributes id="141"/>
  </org.openmrs.Concept>
  <org.openmrs.Concept id="142" uuid="64e7b85c-355e-4c40-a11e-2893934bb38b">
    <conceptId>509165470</conceptId>
    <retired>false</retired>
    <datatype reference="3"/>
    <conceptClass reference="5"/>
    <set>false</set>
    <creator/>
    <dateCreated id="143">2019-06-14 10:09:20</dateCreated>
    <changedBy/>
    <dateChanged id="144">2019-06-14 10:09:20</dateChanged>
    <names class="set" id="145">
      <org.openmrs.ConceptName id="146" uuid="f60acbeb-405e-4c23-8d4d-1b908a6005ff">
        <conceptNameId>142452</conceptNameId>
        <concept reference="142"/>
        <name>Signs and Symptoms Productive Cough group</name>
        <locale id="147">en</locale>
        <creator/>
        <dateCreated id="148">2019-06-14 10:09:20</dateCreated>
        <voided>false</voided>
        <tags class="set" id="149"/>
        <conceptNameType>FULLY_SPECIFIED</conceptNameType>
        <localePreferred>true</localePreferred>
      </org.openmrs.ConceptName>
      <org.openmrs.ConceptName id="150" uuid="17629752-7190-4265-ade9-01f1d0e2c6dd">
        <conceptNameId>142453</conceptNameId>
        <concept reference="142"/>
        <name>Signes et Symptômes Toux/Expectoration groupe</name>
        <locale id="151">fr</locale>
        <creator/>
        <dateCreated id="152">2019-06-14 10:09:20</dateCreated>
        <voided>false</voided>
        <tags class="set" id="153"/>
        <conceptNameType>FULLY_SPECIFIED</conceptNameType>
        <localePreferred>true</localePreferred>
      </org.openmrs.ConceptName>
    </names>
    <answers class="set" id="154"/>
    <conceptSets class="set" id="155"/>
    <descriptions class="set" id="156"/>
    <conceptMappings class="set" id="157"/>
    <attributes id="158"/>
  </org.openmrs.Concept>
  <org.openmrs.Concept id="159" uuid="81db35ed-27a7-4e26-a54a-1ddff821ca5e">
    <conceptId>509165471</conceptId>
    <retired>false</retired>
    <datatype reference="3"/>
    <conceptClass reference="5"/>
    <set>false</set>
    <creator/>
    <dateCreated id="160">2019-06-14 10:16:17</dateCreated>
    <changedBy/>
    <dateChanged id="161">2019-06-14 10:16:17</dateChanged>
    <names class="set" id="162">
      <org.openmrs.ConceptName id="163" uuid="b1515fb7-74ac-49ac-9714-a59c96acab52">
        <conceptNameId>142454</conceptNameId>
        <concept reference="159"/>
        <name>Signes et Symptômes Dyspnée groupe</name>
        <locale id="164">fr</locale>
        <creator/>
        <dateCreated id="165">2019-06-14 10:16:17</dateCreated>
        <voided>false</voided>
        <tags class="set" id="166"/>
        <conceptNameType>FULLY_SPECIFIED</conceptNameType>
        <localePreferred>true</localePreferred>
      </org.openmrs.ConceptName>
      <org.openmrs.ConceptName id="167" uuid="09fc6136-0f33-4183-9a03-e0a55895b857">
        <conceptNameId>142455</conceptNameId>
        <concept reference="159"/>
        <name>Signs and Symptoms Dyspnea group</name>
        <locale id="168">en</locale>
        <creator/>
        <dateCreated id="169">2019-06-14 10:16:17</dateCreated>
        <voided>false</voided>
        <tags class="set" id="170"/>
        <conceptNameType>FULLY_SPECIFIED</conceptNameType>
        <localePreferred>true</localePreferred>
      </org.openmrs.ConceptName>
    </names>
    <answers class="set" id="171"/>
    <conceptSets class="set" id="172"/>
    <descriptions class="set" id="173"/>
    <conceptMappings class="set" id="174"/>
    <attributes id="175"/>
  </org.openmrs.Concept>
</list>
