<?xml version="1.0" encoding="UTF-8"?>
<package id="1" uuid="15a1662b-0795-40f2-836a-4b7151384fec">
  <dateCreated id="2">2019-06-25 09:06:00</dateCreated>
  <name>iSantePlus custom dictionary part1</name>
  <description>Concept metadata for iSantePlus custom dictionary part 1</description>
  <openmrsVersion>2.0.5 SNAPSHOT Build 0</openmrsVersion>
  <version>1</version>
  <groupUuid>0623a216-7bbd-4016-9cd1-31a231018212</groupUuid>
  <modules id="3">
    <entry>
      <string>calculation</string>
      <string>1.2</string>
    </entry>
    <entry>
      <string>legacyui</string>
      <string>1.3.1</string>
    </entry>
    <entry>
      <string>referenceapplication</string>
      <string>2.6.0</string>
    </entry>
    <entry>
      <string>labintegration</string>
      <string>1.0.0-SNAPSHOT</string>
    </entry>
    <entry>
      <string>metadatadeploy</string>
      <string>1.8.1</string>
    </entry>
    <entry>
      <string>outgoing-message-exceptions</string>
      <string>1.0.0</string>
    </entry>
    <entry>
      <string>appointmentscheduling</string>
      <string>1.8.0</string>
    </entry>
    <entry>
      <string>atlas</string>
      <string>2.2</string>
    </entry>
    <entry>
      <string>metadatasharing</string>
      <string>1.2.2</string>
    </entry>
    <entry>
      <string>appointmentschedulingui</string>
      <string>1.6.0</string>
    </entry>
    <entry>
      <string>allergyui</string>
      <string>1.7.0</string>
    </entry>
    <entry>
      <string>formentryapp</string>
      <string>1.4.2-SNAPSHOT</string>
    </entry>
    <entry>
      <string>chartsearch</string>
      <string>2.0</string>
    </entry>
    <entry>
      <string>isanteplusreports</string>
      <string>1.0</string>
    </entry>
    <entry>
      <string>providermanagement</string>
      <string>2.6.0</string>
    </entry>
    <entry>
      <string>haiticore</string>
      <string>1.0.0-SNAPSHOT</string>
    </entry>
    <entry>
      <string>htmlwidgets</string>
      <string>1.9.0</string>
    </entry>
    <entry>
      <string>dataexchange</string>
      <string>1.3.2</string>
    </entry>
    <entry>
      <string>addresshierarchy</string>
      <string>2.11.0-SNAPSHOT</string>
    </entry>
    <entry>
      <string>reportingrest</string>
      <string>1.8.0</string>
    </entry>
    <entry>
      <string>uiframework</string>
      <string>3.11.0</string>
    </entry>
    <entry>
      <string>reportingui</string>
      <string>1.3.0</string>
    </entry>
    <entry>
      <string>referencemetadata</string>
      <string>2.7.0-SNAPSHOT</string>
    </entry>
    <entry>
      <string>event</string>
      <string>2.5</string>
    </entry>
    <entry>
      <string>uicommons</string>
      <string>2.4.0-SNAPSHOT</string>
    </entry>
    <entry>
      <string>patientflags</string>
      <string>2.0.0-SNAPSHOT</string>
    </entry>
    <entry>
      <string>reporting</string>
      <string>1.12.0</string>
    </entry>
    <entry>
      <string>emrapi</string>
      <string>1.21.0</string>
    </entry>
    <entry>
      <string>registrationapp</string>
      <string>1.10.0-SNAPSHOT</string>
    </entry>
    <entry>
      <string>idgen</string>
      <string>4.4.1</string>
    </entry>
    <entry>
      <string>htmlformentryui</string>
      <string>1.6.3</string>
    </entry>
    <entry>
      <string>htmlformentry</string>
      <string>3.3.2</string>
    </entry>
    <entry>
      <string>reportingcompatibility</string>
      <string>2.0.2</string>
    </entry>
    <entry>
      <string>uilibrary</string>
      <string>2.0.4</string>
    </entry>
    <entry>
      <string>m2sys-biometrics</string>
      <string>1.0.0</string>
    </entry>
    <entry>
      <string>appframework</string>
      <string>2.10.0</string>
    </entry>
    <entry>
      <string>isanteplus</string>
      <string>1.2-SNAPSHOT</string>
    </entry>
    <entry>
      <string>webservices.rest</string>
      <string>2.19.0.f2b4a2</string>
    </entry>
    <entry>
      <string>adminui</string>
      <string>1.2.3-SNAPSHOT</string>
    </entry>
    <entry>
      <string>xds-sender</string>
      <string>1.0.0</string>
    </entry>
    <entry>
      <string>registrationcore</string>
      <string>1.7.2-SNAPSHOT</string>
    </entry>
    <entry>
      <string>owa</string>
      <string>1.7.0</string>
    </entry>
    <entry>
      <string>metadatamapping</string>
      <string>1.3.2</string>
    </entry>
    <entry>
      <string>coreapps</string>
      <string>1.19.0-SNAPSHOT</string>
    </entry>
    <entry>
      <string>appui</string>
      <string>1.9.0-SNAPSHOT</string>
    </entry>
    <entry>
      <string>serialization.xstream</string>
      <string>0.2.12</string>
    </entry>
  </modules>
  <items class="linked-hash-set" id="4">
    <org.openmrs.module.metadatasharing.Item id="5" uuid="22ce73c8-b7ad-4bc4-bab2-239af3681c4a">
      <id>509165501</id>
      <classname>org.openmrs.Concept</classname>
      <dateChanged id="6">2019-06-17 08:06:09</dateChanged>
      <retired>false</retired>
    </org.openmrs.module.metadatasharing.Item>
    <org.openmrs.module.metadatasharing.Item id="7" uuid="8e7995ef-2c27-402c-80cb-27a9a94eac5b">
      <id>509165516</id>
      <classname>org.openmrs.Concept</classname>
      <dateChanged id="8">2019-06-17 08:23:24</dateChanged>
      <retired>false</retired>
    </org.openmrs.module.metadatasharing.Item>
    <org.openmrs.module.metadatasharing.Item id="9" uuid="07766a1b-fe6c-444a-9b53-c1a381bcc771">
      <id>509165507</id>
      <classname>org.openmrs.Concept</classname>
      <dateChanged id="10">2019-06-17 08:11:52</dateChanged>
      <retired>false</retired>
    </org.openmrs.module.metadatasharing.Item>
    <org.openmrs.module.metadatasharing.Item id="11" uuid="6196c182-d6b3-452d-8571-35793bdd6128">
      <id>509165482</id>
      <classname>org.openmrs.Concept</classname>
      <dateChanged id="12">2019-06-16 20:07:14</dateChanged>
      <retired>false</retired>
    </org.openmrs.module.metadatasharing.Item>
    <org.openmrs.module.metadatasharing.Item id="13" uuid="5d1236b4-f769-4691-9718-8762506c13bf">
      <id>509165506</id>
      <classname>org.openmrs.Concept</classname>
      <dateChanged id="14">2019-06-17 08:11:06</dateChanged>
      <retired>false</retired>
    </org.openmrs.module.metadatasharing.Item>
    <org.openmrs.module.metadatasharing.Item id="15" uuid="16e2f3d9-579c-4731-8b9b-5ff7a53b0c89">
      <id>509165487</id>
      <classname>org.openmrs.Concept</classname>
      <dateChanged id="16">2019-06-16 20:54:01</dateChanged>
      <retired>false</retired>
    </org.openmrs.module.metadatasharing.Item>
    <org.openmrs.module.metadatasharing.Item id="17" uuid="35d13d8d-1fa2-4734-8c41-66c8ccee0c9f">
      <id>509165504</id>
      <classname>org.openmrs.Concept</classname>
      <dateChanged id="18">2019-06-17 08:09:52</dateChanged>
      <retired>false</retired>
    </org.openmrs.module.metadatasharing.Item>
    <org.openmrs.module.metadatasharing.Item id="19" uuid="c168326c-31b6-4f99-8a7c-c5124336d673">
      <id>509165509</id>
      <classname>org.openmrs.Concept</classname>
      <dateChanged id="20">2019-06-17 08:18:01</dateChanged>
      <retired>false</retired>
    </org.openmrs.module.metadatasharing.Item>
    <org.openmrs.module.metadatasharing.Item id="21" uuid="fe686c52-a77b-4aee-8110-85d2897f6bd1">
      <id>509165510</id>
      <classname>org.openmrs.Concept</classname>
      <dateChanged id="22">2019-06-17 08:18:49</dateChanged>
      <retired>false</retired>
    </org.openmrs.module.metadatasharing.Item>
    <org.openmrs.module.metadatasharing.Item id="23" uuid="bc514162-eae6-4126-95b4-c3695a410e2d">
      <id>509165497</id>
      <classname>org.openmrs.Concept</classname>
      <dateChanged id="24">2019-06-17 08:02:31</dateChanged>
      <retired>false</retired>
    </org.openmrs.module.metadatasharing.Item>
    <org.openmrs.module.metadatasharing.Item id="25" uuid="50f7bb2d-09e2-4ac1-9679-f6f171bae7ae">
      <id>509165513</id>
      <classname>org.openmrs.Concept</classname>
      <dateChanged id="26">2019-06-17 08:21:08</dateChanged>
      <retired>false</retired>
    </org.openmrs.module.metadatasharing.Item>
    <org.openmrs.module.metadatasharing.Item id="27" uuid="280f7e9e-73de-4fa1-899e-3e4db50915db">
      <id>509165467</id>
      <classname>org.openmrs.Concept</classname>
      <dateChanged id="28">2019-06-13 17:38:36</dateChanged>
      <retired>false</retired>
    </org.openmrs.module.metadatasharing.Item>
    <org.openmrs.module.metadatasharing.Item id="29" uuid="bfa2b9d6-75d1-407e-b4a9-1df36e639429">
      <id>509165476</id>
      <classname>org.openmrs.Concept</classname>
      <dateChanged id="30">2019-06-16 19:37:08</dateChanged>
      <retired>false</retired>
    </org.openmrs.module.metadatasharing.Item>
    <org.openmrs.module.metadatasharing.Item id="31" uuid="fdd9d953-004a-4e9a-ab93-9afaa0e090fa">
      <id>509165523</id>
      <classname>org.openmrs.Concept</classname>
      <dateChanged id="32">2019-06-17 08:28:33</dateChanged>
      <retired>false</retired>
    </org.openmrs.module.metadatasharing.Item>
    <org.openmrs.module.metadatasharing.Item id="33" uuid="7ff8201b-93b9-4aa3-b86c-ab9c567a1f35">
      <id>509165472</id>
      <classname>org.openmrs.Concept</classname>
      <dateChanged id="34">2019-06-16 19:34:20</dateChanged>
      <retired>false</retired>
    </org.openmrs.module.metadatasharing.Item>
    <org.openmrs.module.metadatasharing.Item id="35" uuid="d4c71b0e-3c8e-4613-ab0b-2dbedf726994">
      <id>509165488</id>
      <classname>org.openmrs.Concept</classname>
      <dateChanged id="36">2019-06-16 20:54:48</dateChanged>
      <retired>false</retired>
    </org.openmrs.module.metadatasharing.Item>
    <org.openmrs.module.metadatasharing.Item id="37" uuid="33688a65-485b-486e-a80b-a04cd37172c6">
      <id>509165490</id>
      <classname>org.openmrs.Concept</classname>
      <dateChanged id="38">2019-06-16 20:56:26</dateChanged>
      <retired>false</retired>
    </org.openmrs.module.metadatasharing.Item>
    <org.openmrs.module.metadatasharing.Item id="39" uuid="81db35ed-27a7-4e26-a54a-1ddff821ca5e">
      <id>509165471</id>
      <classname>org.openmrs.Concept</classname>
      <dateChanged id="40">2019-06-14 10:16:17</dateChanged>
      <retired>false</retired>
    </org.openmrs.module.metadatasharing.Item>
    <org.openmrs.module.metadatasharing.Item id="41" uuid="1afb858d-4ec3-411f-9e6b-35682c0bb84d">
      <id>509165485</id>
      <classname>org.openmrs.Concept</classname>
      <dateChanged id="42">2019-06-16 20:12:12</dateChanged>
      <retired>false</retired>
    </org.openmrs.module.metadatasharing.Item>
    <org.openmrs.module.metadatasharing.Item id="43" uuid="369d0166-14dd-4f43-baa4-10ce377c5afb">
      <id>509165496</id>
      <classname>org.openmrs.Concept</classname>
      <dateChanged id="44">2019-06-17 08:01:07</dateChanged>
      <retired>false</retired>
    </org.openmrs.module.metadatasharing.Item>
    <org.openmrs.module.metadatasharing.Item id="45" uuid="48282f87-a839-4db8-b288-e260ccdef960">
      <id>509165503</id>
      <classname>org.openmrs.Concept</classname>
      <dateChanged id="46">2019-06-17 08:08:02</dateChanged>
      <retired>false</retired>
    </org.openmrs.module.metadatasharing.Item>
    <org.openmrs.module.metadatasharing.Item id="47" uuid="7ae17faf-5935-46f2-a1fb-88e51b65480e">
      <id>509165521</id>
      <classname>org.openmrs.Concept</classname>
      <dateChanged id="48">2019-06-17 08:27:03</dateChanged>
      <retired>false</retired>
    </org.openmrs.module.metadatasharing.Item>
    <org.openmrs.module.metadatasharing.Item id="49" uuid="41bd1e8c-298f-4878-a094-369a298d64ab">
      <id>509165512</id>
      <classname>org.openmrs.Concept</classname>
      <dateChanged id="50">2019-06-17 08:20:23</dateChanged>
      <retired>false</retired>
    </org.openmrs.module.metadatasharing.Item>
    <org.openmrs.module.metadatasharing.Item id="51" uuid="ddfc39f5-aeef-4d7c-bb3e-7b0d1f69fd8c">
      <id>509165489</id>
      <classname>org.openmrs.Concept</classname>
      <dateChanged id="52">2019-06-16 20:55:24</dateChanged>
      <retired>false</retired>
    </org.openmrs.module.metadatasharing.Item>
    <org.openmrs.module.metadatasharing.Item id="53" uuid="219fde2a-421e-4c48-96a9-c0f4451cc11f">
      <id>509165500</id>
      <classname>org.openmrs.Concept</classname>
      <dateChanged id="54">2019-06-17 08:05:17</dateChanged>
      <retired>false</retired>
    </org.openmrs.module.metadatasharing.Item>
    <org.openmrs.module.metadatasharing.Item id="55" uuid="2e3667fc-09e3-48f8-8aeb-9a02fac8b472">
      <id>509165511</id>
      <classname>org.openmrs.Concept</classname>
      <dateChanged id="56">2019-06-17 08:19:35</dateChanged>
      <retired>false</retired>
    </org.openmrs.module.metadatasharing.Item>
    <org.openmrs.module.metadatasharing.Item id="57" uuid="88b3061c-c93c-4ca2-84b7-51c64c77a8e5">
      <id>509165515</id>
      <classname>org.openmrs.Concept</classname>
      <dateChanged id="58">2019-06-17 08:22:37</dateChanged>
      <retired>false</retired>
    </org.openmrs.module.metadatasharing.Item>
    <org.openmrs.module.metadatasharing.Item id="59" uuid="bdb0c5f8-f122-4911-9295-c667200bb8d4">
      <id>509165526</id>
      <classname>org.openmrs.Concept</classname>
      <dateChanged id="60">2019-06-17 08:31:02</dateChanged>
      <retired>false</retired>
    </org.openmrs.module.metadatasharing.Item>
    <org.openmrs.module.metadatasharing.Item id="61" uuid="3777f798-60fd-4f8c-acb6-c9bf879c8913">
      <id>509165475</id>
      <classname>org.openmrs.Concept</classname>
      <dateChanged id="62">2019-06-16 19:36:23</dateChanged>
      <retired>false</retired>
    </org.openmrs.module.metadatasharing.Item>
    <org.openmrs.module.metadatasharing.Item id="63" uuid="0c362159-faae-4212-8866-5c59afc0c99b">
      <id>509165492</id>
      <classname>org.openmrs.Concept</classname>
      <dateChanged id="64">2019-06-17 07:56:06</dateChanged>
      <retired>false</retired>
    </org.openmrs.module.metadatasharing.Item>
    <org.openmrs.module.metadatasharing.Item id="65" uuid="224546bb-03da-4793-9ef6-3d42adc5b353">
      <id>509165522</id>
      <classname>org.openmrs.Concept</classname>
      <dateChanged id="66">2019-06-17 08:27:56</dateChanged>
      <retired>false</retired>
    </org.openmrs.module.metadatasharing.Item>
    <org.openmrs.module.metadatasharing.Item id="67" uuid="40a0c708-a7bb-40ee-941b-c7bdefbb73bd">
      <id>509165498</id>
      <classname>org.openmrs.Concept</classname>
      <dateChanged id="68">2019-06-17 08:03:19</dateChanged>
      <retired>false</retired>
    </org.openmrs.module.metadatasharing.Item>
    <org.openmrs.module.metadatasharing.Item id="69" uuid="b41e4d9d-b0f7-455c-851f-dc9c05fc519a">
      <id>509165477</id>
      <classname>org.openmrs.Concept</classname>
      <dateChanged id="70">2019-06-16 19:37:39</dateChanged>
      <retired>false</retired>
    </org.openmrs.module.metadatasharing.Item>
    <org.openmrs.module.metadatasharing.Item id="71" uuid="72074743-ae89-425e-ba48-718b02585b91">
      <id>509165491</id>
      <classname>org.openmrs.Concept</classname>
      <dateChanged id="72">2019-06-17 07:54:35</dateChanged>
      <retired>false</retired>
    </org.openmrs.module.metadatasharing.Item>
    <org.openmrs.module.metadatasharing.Item id="73" uuid="1e437bd8-0865-42b4-a62e-ff2f396a76d4">
      <id>509165518</id>
      <classname>org.openmrs.Concept</classname>
      <dateChanged id="74">2019-06-17 08:24:48</dateChanged>
      <retired>false</retired>
    </org.openmrs.module.metadatasharing.Item>
    <org.openmrs.module.metadatasharing.Item id="75" uuid="654d4c9e-f171-485c-9aee-5c906406342c">
      <id>509165493</id>
      <classname>org.openmrs.Concept</classname>
      <dateChanged id="76">2019-06-17 07:57:39</dateChanged>
      <retired>false</retired>
    </org.openmrs.module.metadatasharing.Item>
    <org.openmrs.module.metadatasharing.Item id="77" uuid="0671685b-ced1-459f-b31d-fa851985d117">
      <id>509165481</id>
      <classname>org.openmrs.Concept</classname>
      <dateChanged id="78">2019-06-16 20:06:45</dateChanged>
      <retired>false</retired>
    </org.openmrs.module.metadatasharing.Item>
    <org.openmrs.module.metadatasharing.Item id="79" uuid="cec53311-713b-4d80-8387-639be8d90f16">
      <id>509165495</id>
      <classname>org.openmrs.Concept</classname>
      <dateChanged id="80">2019-06-17 07:58:59</dateChanged>
      <retired>false</retired>
    </org.openmrs.module.metadatasharing.Item>
    <org.openmrs.module.metadatasharing.Item id="81" uuid="64e7b85c-355e-4c40-a11e-2893934bb38b">
      <id>509165470</id>
      <classname>org.openmrs.Concept</classname>
      <dateChanged id="82">2019-06-14 10:09:20</dateChanged>
      <retired>false</retired>
    </org.openmrs.module.metadatasharing.Item>
    <org.openmrs.module.metadatasharing.Item id="83" uuid="f954221c-3003-4960-b02c-89366ea4113e">
      <id>509165486</id>
      <classname>org.openmrs.Concept</classname>
      <dateChanged id="84">2019-06-16 20:53:30</dateChanged>
      <retired>false</retired>
    </org.openmrs.module.metadatasharing.Item>
    <org.openmrs.module.metadatasharing.Item id="85" uuid="71a5c038-64f4-4ede-a9af-7bf76c0bf2d5">
      <id>509165502</id>
      <classname>org.openmrs.Concept</classname>
      <dateChanged id="86">2019-06-17 08:07:08</dateChanged>
      <retired>false</retired>
    </org.openmrs.module.metadatasharing.Item>
    <org.openmrs.module.metadatasharing.Item id="87" uuid="077bfa73-6180-493d-82ed-dfd224677210">
      <id>509165517</id>
      <classname>org.openmrs.Concept</classname>
      <dateChanged id="88">2019-06-17 08:24:08</dateChanged>
      <retired>false</retired>
    </org.openmrs.module.metadatasharing.Item>
    <org.openmrs.module.metadatasharing.Item id="89" uuid="244851ca-731c-4ee1-8557-4c75cb38fe9b">
      <id>509165474</id>
      <classname>org.openmrs.Concept</classname>
      <dateChanged id="90">2019-06-16 19:35:44</dateChanged>
      <retired>false</retired>
    </org.openmrs.module.metadatasharing.Item>
    <org.openmrs.module.metadatasharing.Item id="91" uuid="a2352b69-51a1-4096-b22d-3a2481e00df8">
      <id>509165484</id>
      <classname>org.openmrs.Concept</classname>
      <dateChanged id="92">2019-06-16 20:10:16</dateChanged>
      <retired>false</retired>
    </org.openmrs.module.metadatasharing.Item>
    <org.openmrs.module.metadatasharing.Item id="93" uuid="a436c4cc-9c75-4994-8c25-982de31e6324">
      <id>509165519</id>
      <classname>org.openmrs.Concept</classname>
      <dateChanged id="94">2019-06-17 08:25:34</dateChanged>
      <retired>false</retired>
    </org.openmrs.module.metadatasharing.Item>
    <org.openmrs.module.metadatasharing.Item id="95" uuid="5691f924-ff0f-4360-bdf8-4042ca009795">
      <id>509165483</id>
      <classname>org.openmrs.Concept</classname>
      <dateChanged id="96">2019-06-16 20:07:42</dateChanged>
      <retired>false</retired>
    </org.openmrs.module.metadatasharing.Item>
    <org.openmrs.module.metadatasharing.Item id="97" uuid="3d584639-8c55-45de-b202-f7405af953df">
      <id>509165473</id>
      <classname>org.openmrs.Concept</classname>
      <dateChanged id="98">2019-06-16 19:35:06</dateChanged>
      <retired>false</retired>
    </org.openmrs.module.metadatasharing.Item>
    <org.openmrs.module.metadatasharing.Item id="99" uuid="78b69c38-8119-4634-8def-4b75e079243f">
      <id>509165469</id>
      <classname>org.openmrs.Concept</classname>
      <dateChanged id="100">2019-06-14 10:08:08</dateChanged>
      <retired>false</retired>
    </org.openmrs.module.metadatasharing.Item>
    <org.openmrs.module.metadatasharing.Item id="101" uuid="53e0d1c2-3df5-4ab9-9b5c-d492fc22fd08">
      <id>509165505</id>
      <classname>org.openmrs.Concept</classname>
      <dateChanged id="102">2019-06-17 08:10:24</dateChanged>
      <retired>false</retired>
    </org.openmrs.module.metadatasharing.Item>
    <org.openmrs.module.metadatasharing.Item id="103" uuid="f0584ab8-6e58-415a-87c0-cd41bf43d554">
      <id>509165520</id>
      <classname>org.openmrs.Concept</classname>
      <dateChanged id="104">2019-06-17 08:26:16</dateChanged>
      <retired>false</retired>
    </org.openmrs.module.metadatasharing.Item>
    <org.openmrs.module.metadatasharing.Item id="105" uuid="9c67aa65-9411-4ac7-b56f-b7f2ffe36192">
      <id>509165478</id>
      <classname>org.openmrs.Concept</classname>
      <dateChanged id="106">2019-06-16 19:38:16</dateChanged>
      <retired>false</retired>
    </org.openmrs.module.metadatasharing.Item>
    <org.openmrs.module.metadatasharing.Item id="107" uuid="89803a57-4a1b-475d-9a7a-fbcd9f74c0c9">
      <id>509165479</id>
      <classname>org.openmrs.Concept</classname>
      <dateChanged id="108">2019-06-16 19:38:49</dateChanged>
      <retired>false</retired>
    </org.openmrs.module.metadatasharing.Item>
    <org.openmrs.module.metadatasharing.Item id="109" uuid="4c0d6e3c-0cbb-4ffe-923f-e65a0d81eb3e">
      <id>509165499</id>
      <classname>org.openmrs.Concept</classname>
      <dateChanged id="110">2019-06-17 08:04:21</dateChanged>
      <retired>false</retired>
    </org.openmrs.module.metadatasharing.Item>
    <org.openmrs.module.metadatasharing.Item id="111" uuid="be7a27bb-2dcd-4bff-b696-ccdbbd2d3192">
      <id>509165524</id>
      <classname>org.openmrs.Concept</classname>
      <dateChanged id="112">2019-06-17 08:29:22</dateChanged>
      <retired>false</retired>
    </org.openmrs.module.metadatasharing.Item>
    <org.openmrs.module.metadatasharing.Item id="113" uuid="c2c7db51-d427-4c21-9655-ae9ee604c81c">
      <id>509165525</id>
      <classname>org.openmrs.Concept</classname>
      <dateChanged id="114">2019-06-17 08:30:18</dateChanged>
      <retired>false</retired>
    </org.openmrs.module.metadatasharing.Item>
    <org.openmrs.module.metadatasharing.Item id="115" uuid="8d118f23-1934-4ae3-9a0c-2045dd67c849">
      <id>509165468</id>
      <classname>org.openmrs.Concept</classname>
      <dateChanged id="116">2019-06-13 18:13:02</dateChanged>
      <retired>false</retired>
    </org.openmrs.module.metadatasharing.Item>
    <org.openmrs.module.metadatasharing.Item id="117" uuid="f0748bfb-1465-4d6c-89f1-c631f46c1510">
      <id>509165508</id>
      <classname>org.openmrs.Concept</classname>
      <dateChanged id="118">2019-06-17 08:17:14</dateChanged>
      <retired>false</retired>
    </org.openmrs.module.metadatasharing.Item>
    <org.openmrs.module.metadatasharing.Item id="119" uuid="f2521e56-6922-40f7-85c1-70541a8305d9">
      <id>509165514</id>
      <classname>org.openmrs.Concept</classname>
      <dateChanged id="120">2019-06-17 08:21:52</dateChanged>
      <retired>false</retired>
    </org.openmrs.module.metadatasharing.Item>
    <org.openmrs.module.metadatasharing.Item id="121" uuid="1fa80020-cba6-4bce-b05e-cb48f8f67969">
      <id>509165494</id>
      <classname>org.openmrs.Concept</classname>
      <dateChanged id="122">2019-06-17 07:58:18</dateChanged>
      <retired>false</retired>
    </org.openmrs.module.metadatasharing.Item>
    <org.openmrs.module.metadatasharing.Item id="123" uuid="696e5e96-c3ca-4b01-a792-583dfcd4af2a">
      <id>509165480</id>
      <classname>org.openmrs.Concept</classname>
      <dateChanged id="124">2019-06-16 19:39:32</dateChanged>
      <retired>false</retired>
    </org.openmrs.module.metadatasharing.Item>
  </items>
  <relatedItems class="linked-hash-set" id="125">
    <org.openmrs.module.metadatasharing.Item id="126" uuid="8d4a4c94-c2cc-11de-8d13-0010c6dffd0f">
      <id>4</id>
      <classname>org.openmrs.ConceptDatatype</classname>
      <dateChanged id="127">2004-02-02 00:00:00</dateChanged>
      <retired>false</retired>
    </org.openmrs.module.metadatasharing.Item>
    <org.openmrs.module.metadatasharing.Item id="128" uuid="8d492774-c2cc-11de-8d13-0010c6dffd0f">
      <id>11</id>
      <classname>org.openmrs.ConceptClass</classname>
      <dateChanged id="129">2004-03-02 00:00:00</dateChanged>
      <retired>false</retired>
    </org.openmrs.module.metadatasharing.Item>
    <org.openmrs.module.metadatasharing.Item id="130" uuid="cd86ca8c-55d8-4b2a-9fae-c75274f62a5c">
      <id>142514</id>
      <classname>org.openmrs.ConceptName</classname>
      <dateChanged id="131">2019-06-17 08:06:09</dateChanged>
    </org.openmrs.module.metadatasharing.Item>
    <org.openmrs.module.metadatasharing.Item id="132" uuid="8352db04-8520-4fcb-9dab-01bd5d4e0fba">
      <id>142515</id>
      <classname>org.openmrs.ConceptName</classname>
      <dateChanged id="133">2019-06-17 08:06:09</dateChanged>
    </org.openmrs.module.metadatasharing.Item>
    <org.openmrs.module.metadatasharing.Item id="134" uuid="02b26f36-d563-4fc0-a9e5-30b408ea4a8a">
      <id>142544</id>
      <classname>org.openmrs.ConceptName</classname>
      <dateChanged id="135">2019-06-17 08:23:24</dateChanged>
    </org.openmrs.module.metadatasharing.Item>
    <org.openmrs.module.metadatasharing.Item id="136" uuid="757c520f-a956-49d1-8513-e522c7aeaf6d">
      <id>142545</id>
      <classname>org.openmrs.ConceptName</classname>
      <dateChanged id="137">2019-06-17 08:23:24</dateChanged>
    </org.openmrs.module.metadatasharing.Item>
    <org.openmrs.module.metadatasharing.Item id="138" uuid="f5645df3-bbf0-4de1-b757-c8cd5bda75a1">
      <id>142526</id>
      <classname>org.openmrs.ConceptName</classname>
      <dateChanged id="139">2019-06-17 08:11:52</dateChanged>
    </org.openmrs.module.metadatasharing.Item>
    <org.openmrs.module.metadatasharing.Item id="140" uuid="8158ada2-c789-4d10-b696-539e8af12630">
      <id>142527</id>
      <classname>org.openmrs.ConceptName</classname>
      <dateChanged id="141">2019-06-17 08:11:52</dateChanged>
    </org.openmrs.module.metadatasharing.Item>
    <org.openmrs.module.metadatasharing.Item id="142" uuid="b5e4bfc7-9245-43f5-a515-c4c01dcec60e">
      <id>142476</id>
      <classname>org.openmrs.ConceptName</classname>
      <dateChanged id="143">2019-06-16 20:07:14</dateChanged>
    </org.openmrs.module.metadatasharing.Item>
    <org.openmrs.module.metadatasharing.Item id="144" uuid="aa34b1f7-02b3-4071-8415-c1cc2df421e4">
      <id>142477</id>
      <classname>org.openmrs.ConceptName</classname>
      <dateChanged id="145">2019-06-16 20:07:14</dateChanged>
    </org.openmrs.module.metadatasharing.Item>
    <org.openmrs.module.metadatasharing.Item id="146" uuid="7963aab5-074e-47c3-bdfb-3913cc1848a2">
      <id>142524</id>
      <classname>org.openmrs.ConceptName</classname>
      <dateChanged id="147">2019-06-17 08:11:06</dateChanged>
    </org.openmrs.module.metadatasharing.Item>
    <org.openmrs.module.metadatasharing.Item id="148" uuid="7668e98d-5095-4315-b141-e0aa7938830d">
      <id>142525</id>
      <classname>org.openmrs.ConceptName</classname>
      <dateChanged id="149">2019-06-17 08:11:06</dateChanged>
    </org.openmrs.module.metadatasharing.Item>
    <org.openmrs.module.metadatasharing.Item id="150" uuid="063f18b3-3f76-4e54-a09b-4e89b513cae6">
      <id>142486</id>
      <classname>org.openmrs.ConceptName</classname>
      <dateChanged id="151">2019-06-16 20:54:01</dateChanged>
    </org.openmrs.module.metadatasharing.Item>
    <org.openmrs.module.metadatasharing.Item id="152" uuid="16de7ee2-d868-408b-801c-0a05d41fd87f">
      <id>142487</id>
      <classname>org.openmrs.ConceptName</classname>
      <dateChanged id="153">2019-06-16 20:54:01</dateChanged>
    </org.openmrs.module.metadatasharing.Item>
    <org.openmrs.module.metadatasharing.Item id="154" uuid="94720142-5e7c-4be9-918e-dccc63988cbc">
      <id>142520</id>
      <classname>org.openmrs.ConceptName</classname>
      <dateChanged id="155">2019-06-17 08:08:52</dateChanged>
    </org.openmrs.module.metadatasharing.Item>
    <org.openmrs.module.metadatasharing.Item id="156" uuid="75e60729-27aa-4b41-94b5-a19ae5d50061">
      <id>142521</id>
      <classname>org.openmrs.ConceptName</classname>
      <dateChanged id="157">2019-06-17 08:08:52</dateChanged>
    </org.openmrs.module.metadatasharing.Item>
    <org.openmrs.module.metadatasharing.Item id="158" uuid="e1558172-af58-4550-8520-b37a2a3e11e3">
      <id>142530</id>
      <classname>org.openmrs.ConceptName</classname>
      <dateChanged id="159">2019-06-17 08:18:01</dateChanged>
    </org.openmrs.module.metadatasharing.Item>
    <org.openmrs.module.metadatasharing.Item id="160" uuid="f7a79402-7223-474d-949a-f692fb1d5ab2">
      <id>142531</id>
      <classname>org.openmrs.ConceptName</classname>
      <dateChanged id="161">2019-06-17 08:18:01</dateChanged>
    </org.openmrs.module.metadatasharing.Item>
    <org.openmrs.module.metadatasharing.Item id="162" uuid="bbb40d7a-2478-418a-88c5-31641438e340">
      <id>142532</id>
      <classname>org.openmrs.ConceptName</classname>
      <dateChanged id="163">2019-06-17 08:18:49</dateChanged>
    </org.openmrs.module.metadatasharing.Item>
    <org.openmrs.module.metadatasharing.Item id="164" uuid="664aaf09-72ca-41b6-9e7d-5f2109414fa4">
      <id>142533</id>
      <classname>org.openmrs.ConceptName</classname>
      <dateChanged id="165">2019-06-17 08:18:49</dateChanged>
    </org.openmrs.module.metadatasharing.Item>
    <org.openmrs.module.metadatasharing.Item id="166" uuid="d32ba228-2710-44e3-81f0-9aba721e9e83">
      <id>142506</id>
      <classname>org.openmrs.ConceptName</classname>
      <dateChanged id="167">2019-06-17 08:02:31</dateChanged>
    </org.openmrs.module.metadatasharing.Item>
    <org.openmrs.module.metadatasharing.Item id="168" uuid="88f22e70-4de6-4879-b7db-9b25e3a1fa2e">
      <id>142507</id>
      <classname>org.openmrs.ConceptName</classname>
      <dateChanged id="169">2019-06-17 08:02:31</dateChanged>
    </org.openmrs.module.metadatasharing.Item>
    <org.openmrs.module.metadatasharing.Item id="170" uuid="227554ba-1b97-441b-b2fc-46e409bd32c0">
      <id>142538</id>
      <classname>org.openmrs.ConceptName</classname>
      <dateChanged id="171">2019-06-17 08:21:08</dateChanged>
    </org.openmrs.module.metadatasharing.Item>
    <org.openmrs.module.metadatasharing.Item id="172" uuid="6defedcc-2008-4638-84bd-f13f3530fa31">
      <id>142539</id>
      <classname>org.openmrs.ConceptName</classname>
      <dateChanged id="173">2019-06-17 08:21:08</dateChanged>
    </org.openmrs.module.metadatasharing.Item>
    <org.openmrs.module.metadatasharing.Item id="174" uuid="037cc49d-c802-47e4-becb-5e6a9de25c91">
      <id>142446</id>
      <classname>org.openmrs.ConceptName</classname>
      <dateChanged id="175">2019-06-13 17:38:36</dateChanged>
    </org.openmrs.module.metadatasharing.Item>
    <org.openmrs.module.metadatasharing.Item id="176" uuid="4b6c7134-b711-448c-abc2-1d9d3813d091">
      <id>142447</id>
      <classname>org.openmrs.ConceptName</classname>
      <dateChanged id="177">2019-06-13 17:38:36</dateChanged>
    </org.openmrs.module.metadatasharing.Item>
    <org.openmrs.module.metadatasharing.Item id="178" uuid="0d16abe2-66ed-497d-b5d7-707e7d0ab7ea">
      <id>142464</id>
      <classname>org.openmrs.ConceptName</classname>
      <dateChanged id="179">2019-06-16 19:37:08</dateChanged>
    </org.openmrs.module.metadatasharing.Item>
    <org.openmrs.module.metadatasharing.Item id="180" uuid="1551e70a-5040-49c1-a1e3-fb340be4494e">
      <id>142465</id>
      <classname>org.openmrs.ConceptName</classname>
      <dateChanged id="181">2019-06-16 19:37:08</dateChanged>
    </org.openmrs.module.metadatasharing.Item>
    <org.openmrs.module.metadatasharing.Item id="182" uuid="12f35930-6351-4ae7-aee6-2081955a3f6b">
      <id>142558</id>
      <classname>org.openmrs.ConceptName</classname>
      <dateChanged id="183">2019-06-17 08:28:33</dateChanged>
    </org.openmrs.module.metadatasharing.Item>
    <org.openmrs.module.metadatasharing.Item id="184" uuid="510f1b0c-6adb-4c6f-86c9-f655687f572f">
      <id>142559</id>
      <classname>org.openmrs.ConceptName</classname>
      <dateChanged id="185">2019-06-17 08:28:33</dateChanged>
    </org.openmrs.module.metadatasharing.Item>
    <org.openmrs.module.metadatasharing.Item id="186" uuid="b9f06319-5ebb-4d77-b5c3-baa304e19fa1">
      <id>142456</id>
      <classname>org.openmrs.ConceptName</classname>
      <dateChanged id="187">2019-06-16 19:34:20</dateChanged>
    </org.openmrs.module.metadatasharing.Item>
    <org.openmrs.module.metadatasharing.Item id="188" uuid="cf70798b-3081-4335-b330-cc3393d9c756">
      <id>142457</id>
      <classname>org.openmrs.ConceptName</classname>
      <dateChanged id="189">2019-06-16 19:34:20</dateChanged>
    </org.openmrs.module.metadatasharing.Item>
    <org.openmrs.module.metadatasharing.Item id="190" uuid="394f6c39-958a-49f1-a57c-fd370e5913e5">
      <id>142488</id>
      <classname>org.openmrs.ConceptName</classname>
      <dateChanged id="191">2019-06-16 20:54:48</dateChanged>
    </org.openmrs.module.metadatasharing.Item>
    <org.openmrs.module.metadatasharing.Item id="192" uuid="070fff05-2d6c-478f-80a9-4b5b53e83bfc">
      <id>142489</id>
      <classname>org.openmrs.ConceptName</classname>
      <dateChanged id="193">2019-06-16 20:54:48</dateChanged>
    </org.openmrs.module.metadatasharing.Item>
    <org.openmrs.module.metadatasharing.Item id="194" uuid="29ba02f2-f741-4532-bbdb-f2955fd58eb1">
      <id>142492</id>
      <classname>org.openmrs.ConceptName</classname>
      <dateChanged id="195">2019-06-16 20:56:26</dateChanged>
    </org.openmrs.module.metadatasharing.Item>
    <org.openmrs.module.metadatasharing.Item id="196" uuid="62c191cb-d42e-4eba-9882-a934a3a01080">
      <id>142493</id>
      <classname>org.openmrs.ConceptName</classname>
      <dateChanged id="197">2019-06-16 20:56:26</dateChanged>
    </org.openmrs.module.metadatasharing.Item>
    <org.openmrs.module.metadatasharing.Item id="198" uuid="b1515fb7-74ac-49ac-9714-a59c96acab52">
      <id>142454</id>
      <classname>org.openmrs.ConceptName</classname>
      <dateChanged id="199">2019-06-14 10:16:17</dateChanged>
    </org.openmrs.module.metadatasharing.Item>
    <org.openmrs.module.metadatasharing.Item id="200" uuid="09fc6136-0f33-4183-9a03-e0a55895b857">
      <id>142455</id>
      <classname>org.openmrs.ConceptName</classname>
      <dateChanged id="201">2019-06-14 10:16:17</dateChanged>
    </org.openmrs.module.metadatasharing.Item>
    <org.openmrs.module.metadatasharing.Item id="202" uuid="9d7c15a2-5d09-4ebe-aee3-48c4e5171fb5">
      <id>142482</id>
      <classname>org.openmrs.ConceptName</classname>
      <dateChanged id="203">2019-06-16 20:12:12</dateChanged>
    </org.openmrs.module.metadatasharing.Item>
    <org.openmrs.module.metadatasharing.Item id="204" uuid="52571fff-6d00-4615-9ede-4954f5f28241">
      <id>142483</id>
      <classname>org.openmrs.ConceptName</classname>
      <dateChanged id="205">2019-06-16 20:12:12</dateChanged>
    </org.openmrs.module.metadatasharing.Item>
    <org.openmrs.module.metadatasharing.Item id="206" uuid="d2cd35fe-ba8e-4efb-896d-6a617acdfd88">
      <id>142504</id>
      <classname>org.openmrs.ConceptName</classname>
      <dateChanged id="207">2019-06-17 08:01:07</dateChanged>
    </org.openmrs.module.metadatasharing.Item>
    <org.openmrs.module.metadatasharing.Item id="208" uuid="c12aa1a9-f125-43c9-9078-94a5f5dd6fe0">
      <id>142505</id>
      <classname>org.openmrs.ConceptName</classname>
      <dateChanged id="209">2019-06-17 08:01:07</dateChanged>
    </org.openmrs.module.metadatasharing.Item>
    <org.openmrs.module.metadatasharing.Item id="210" uuid="77d02cb1-e7b5-411c-af76-3a9abbbf34e5">
      <id>142518</id>
      <classname>org.openmrs.ConceptName</classname>
      <dateChanged id="211">2019-06-17 08:08:02</dateChanged>
    </org.openmrs.module.metadatasharing.Item>
    <org.openmrs.module.metadatasharing.Item id="212" uuid="4ff010e0-c283-443c-8a8e-b183cf932b09">
      <id>142519</id>
      <classname>org.openmrs.ConceptName</classname>
      <dateChanged id="213">2019-06-17 08:08:02</dateChanged>
    </org.openmrs.module.metadatasharing.Item>
    <org.openmrs.module.metadatasharing.Item id="214" uuid="526eb840-3eb6-4023-82f2-8f2164172e52">
      <id>142554</id>
      <classname>org.openmrs.ConceptName</classname>
      <dateChanged id="215">2019-06-17 08:27:03</dateChanged>
    </org.openmrs.module.metadatasharing.Item>
    <org.openmrs.module.metadatasharing.Item id="216" uuid="f15d8cf0-1915-4015-9296-e344e7300fe6">
      <id>142555</id>
      <classname>org.openmrs.ConceptName</classname>
      <dateChanged id="217">2019-06-17 08:27:03</dateChanged>
    </org.openmrs.module.metadatasharing.Item>
    <org.openmrs.module.metadatasharing.Item id="218" uuid="b314b791-4788-440a-97df-375f868fe755">
      <id>142536</id>
      <classname>org.openmrs.ConceptName</classname>
      <dateChanged id="219">2019-06-17 08:20:23</dateChanged>
    </org.openmrs.module.metadatasharing.Item>
    <org.openmrs.module.metadatasharing.Item id="220" uuid="180c77b9-f8e7-4153-b1bb-d83c77cf79bc">
      <id>142537</id>
      <classname>org.openmrs.ConceptName</classname>
      <dateChanged id="221">2019-06-17 08:20:23</dateChanged>
    </org.openmrs.module.metadatasharing.Item>
    <org.openmrs.module.metadatasharing.Item id="222" uuid="57f7d98d-c3cc-47a3-8859-588a44d59cb9">
      <id>142490</id>
      <classname>org.openmrs.ConceptName</classname>
      <dateChanged id="223">2019-06-16 20:55:24</dateChanged>
    </org.openmrs.module.metadatasharing.Item>
    <org.openmrs.module.metadatasharing.Item id="224" uuid="ce0c758e-a99e-4ead-a6c9-979dc9b862bf">
      <id>142491</id>
      <classname>org.openmrs.ConceptName</classname>
      <dateChanged id="225">2019-06-16 20:55:24</dateChanged>
    </org.openmrs.module.metadatasharing.Item>
    <org.openmrs.module.metadatasharing.Item id="226" uuid="38e2ab5e-88c5-49cb-9b65-c408a653674a">
      <id>142512</id>
      <classname>org.openmrs.ConceptName</classname>
      <dateChanged id="227">2019-06-17 08:05:17</dateChanged>
    </org.openmrs.module.metadatasharing.Item>
    <org.openmrs.module.metadatasharing.Item id="228" uuid="a713dfdb-aa4c-4b27-8b7a-62f6334f5811">
      <id>142513</id>
      <classname>org.openmrs.ConceptName</classname>
      <dateChanged id="229">2019-06-17 08:05:17</dateChanged>
    </org.openmrs.module.metadatasharing.Item>
    <org.openmrs.module.metadatasharing.Item id="230" uuid="9152d8e8-1db4-4ce0-8d40-86adc475f4b3">
      <id>142534</id>
      <classname>org.openmrs.ConceptName</classname>
      <dateChanged id="231">2019-06-17 08:19:35</dateChanged>
    </org.openmrs.module.metadatasharing.Item>
    <org.openmrs.module.metadatasharing.Item id="232" uuid="a2671068-38a5-420b-a8d5-2c957d885194">
      <id>142535</id>
      <classname>org.openmrs.ConceptName</classname>
      <dateChanged id="233">2019-06-17 08:19:35</dateChanged>
    </org.openmrs.module.metadatasharing.Item>
    <org.openmrs.module.metadatasharing.Item id="234" uuid="eca2d040-deb8-47a6-97ce-9ab83797a29b">
      <id>142542</id>
      <classname>org.openmrs.ConceptName</classname>
      <dateChanged id="235">2019-06-17 08:22:37</dateChanged>
    </org.openmrs.module.metadatasharing.Item>
    <org.openmrs.module.metadatasharing.Item id="236" uuid="a2f7b3a5-dfb2-488a-ae9a-6253f0632dd0">
      <id>142543</id>
      <classname>org.openmrs.ConceptName</classname>
      <dateChanged id="237">2019-06-17 08:22:37</dateChanged>
    </org.openmrs.module.metadatasharing.Item>
    <org.openmrs.module.metadatasharing.Item id="238" uuid="bd4ee39b-c70c-4f3b-9be1-c6d6c131d9ba">
      <id>142564</id>
      <classname>org.openmrs.ConceptName</classname>
      <dateChanged id="239">2019-06-17 08:31:02</dateChanged>
    </org.openmrs.module.metadatasharing.Item>
    <org.openmrs.module.metadatasharing.Item id="240" uuid="bda22276-aca0-45e5-84e9-7a7efd10cd54">
      <id>142565</id>
      <classname>org.openmrs.ConceptName</classname>
      <dateChanged id="241">2019-06-17 08:31:02</dateChanged>
    </org.openmrs.module.metadatasharing.Item>
    <org.openmrs.module.metadatasharing.Item id="242" uuid="7d184217-33ea-4a7b-9731-cf4586020e6a">
      <id>142462</id>
      <classname>org.openmrs.ConceptName</classname>
      <dateChanged id="243">2019-06-16 19:36:23</dateChanged>
    </org.openmrs.module.metadatasharing.Item>
    <org.openmrs.module.metadatasharing.Item id="244" uuid="1c9913db-485f-4139-809d-199698cc5766">
      <id>142463</id>
      <classname>org.openmrs.ConceptName</classname>
      <dateChanged id="245">2019-06-16 19:36:23</dateChanged>
    </org.openmrs.module.metadatasharing.Item>
    <org.openmrs.module.metadatasharing.Item id="246" uuid="2cbee147-09d1-433d-807d-45f2589d75a2">
      <id>142496</id>
      <classname>org.openmrs.ConceptName</classname>
      <dateChanged id="247">2019-06-17 07:56:06</dateChanged>
    </org.openmrs.module.metadatasharing.Item>
    <org.openmrs.module.metadatasharing.Item id="248" uuid="d8748b29-a921-4040-8129-cf8e5858c921">
      <id>142497</id>
      <classname>org.openmrs.ConceptName</classname>
      <dateChanged id="249">2019-06-17 07:56:06</dateChanged>
    </org.openmrs.module.metadatasharing.Item>
    <org.openmrs.module.metadatasharing.Item id="250" uuid="f62bdaa8-8259-4f67-a427-beaaecbc0c6f">
      <id>142556</id>
      <classname>org.openmrs.ConceptName</classname>
      <dateChanged id="251">2019-06-17 08:27:56</dateChanged>
    </org.openmrs.module.metadatasharing.Item>
    <org.openmrs.module.metadatasharing.Item id="252" uuid="2e9c33fc-0ec8-4e82-848c-af1497a536e6">
      <id>142557</id>
      <classname>org.openmrs.ConceptName</classname>
      <dateChanged id="253">2019-06-17 08:27:56</dateChanged>
    </org.openmrs.module.metadatasharing.Item>
    <org.openmrs.module.metadatasharing.Item id="254" uuid="5e958bf1-ecf0-4a66-8836-054ed4514a75">
      <id>142508</id>
      <classname>org.openmrs.ConceptName</classname>
      <dateChanged id="255">2019-06-17 08:03:19</dateChanged>
    </org.openmrs.module.metadatasharing.Item>
    <org.openmrs.module.metadatasharing.Item id="256" uuid="8aaea057-7417-44e6-acec-432faa86d7c0">
      <id>142509</id>
      <classname>org.openmrs.ConceptName</classname>
      <dateChanged id="257">2019-06-17 08:03:19</dateChanged>
    </org.openmrs.module.metadatasharing.Item>
    <org.openmrs.module.metadatasharing.Item id="258" uuid="8d4a4ab4-c2cc-11de-8d13-0010c6dffd0f">
      <id>3</id>
      <classname>org.openmrs.ConceptDatatype</classname>
      <dateChanged id="259">2004-02-02 00:00:00</dateChanged>
      <retired>false</retired>
    </org.openmrs.module.metadatasharing.Item>
    <org.openmrs.module.metadatasharing.Item id="260" uuid="c62aa7a0-1e79-4f59-96e1-7feb8227eb04">
      <id>142466</id>
      <classname>org.openmrs.ConceptName</classname>
      <dateChanged id="261">2019-06-16 19:37:39</dateChanged>
    </org.openmrs.module.metadatasharing.Item>
    <org.openmrs.module.metadatasharing.Item id="262" uuid="94fbc08b-c4dc-42f8-b666-43700c0c6a9b">
      <id>142467</id>
      <classname>org.openmrs.ConceptName</classname>
      <dateChanged id="263">2019-06-16 19:37:39</dateChanged>
    </org.openmrs.module.metadatasharing.Item>
    <org.openmrs.module.metadatasharing.Item id="264" uuid="83377e62-a9d4-4b47-844e-8339a5240679">
      <id>142494</id>
      <classname>org.openmrs.ConceptName</classname>
      <dateChanged id="265">2019-06-17 07:54:35</dateChanged>
    </org.openmrs.module.metadatasharing.Item>
    <org.openmrs.module.metadatasharing.Item id="266" uuid="dddb03d5-063c-4169-9535-8c12d1f32e8f">
      <id>142495</id>
      <classname>org.openmrs.ConceptName</classname>
      <dateChanged id="267">2019-06-17 07:54:35</dateChanged>
    </org.openmrs.module.metadatasharing.Item>
    <org.openmrs.module.metadatasharing.Item id="268" uuid="2f52c85b-b25e-4a31-8eca-21d0fd9559aa">
      <id>142548</id>
      <classname>org.openmrs.ConceptName</classname>
      <dateChanged id="269">2019-06-17 08:24:48</dateChanged>
    </org.openmrs.module.metadatasharing.Item>
    <org.openmrs.module.metadatasharing.Item id="270" uuid="12fd7b0b-51f1-4582-96f9-f1cf62bc196c">
      <id>142549</id>
      <classname>org.openmrs.ConceptName</classname>
      <dateChanged id="271">2019-06-17 08:24:48</dateChanged>
    </org.openmrs.module.metadatasharing.Item>
    <org.openmrs.module.metadatasharing.Item id="272" uuid="68b187ce-ce59-4051-af26-0c03f646277c">
      <id>142498</id>
      <classname>org.openmrs.ConceptName</classname>
      <dateChanged id="273">2019-06-17 07:57:39</dateChanged>
    </org.openmrs.module.metadatasharing.Item>
    <org.openmrs.module.metadatasharing.Item id="274" uuid="fa951dcc-f41e-4c00-945c-bbd44c181ea3">
      <id>142499</id>
      <classname>org.openmrs.ConceptName</classname>
      <dateChanged id="275">2019-06-17 07:57:39</dateChanged>
    </org.openmrs.module.metadatasharing.Item>
    <org.openmrs.module.metadatasharing.Item id="276" uuid="06c66437-158c-4667-a57b-0ce2fecabc12">
      <id>142474</id>
      <classname>org.openmrs.ConceptName</classname>
      <dateChanged id="277">2019-06-16 20:06:45</dateChanged>
    </org.openmrs.module.metadatasharing.Item>
    <org.openmrs.module.metadatasharing.Item id="278" uuid="a95f8256-d620-473d-83c0-9fde1a997591">
      <id>142475</id>
      <classname>org.openmrs.ConceptName</classname>
      <dateChanged id="279">2019-06-16 20:06:45</dateChanged>
    </org.openmrs.module.metadatasharing.Item>
    <org.openmrs.module.metadatasharing.Item id="280" uuid="d9d79ec3-7d09-4e62-a9a1-f2f6a5e43e45">
      <id>142502</id>
      <classname>org.openmrs.ConceptName</classname>
      <dateChanged id="281">2019-06-17 07:58:59</dateChanged>
    </org.openmrs.module.metadatasharing.Item>
    <org.openmrs.module.metadatasharing.Item id="282" uuid="86386c8e-c0d2-48ae-b98b-03ac5905a6bb">
      <id>142503</id>
      <classname>org.openmrs.ConceptName</classname>
      <dateChanged id="283">2019-06-17 07:58:59</dateChanged>
    </org.openmrs.module.metadatasharing.Item>
    <org.openmrs.module.metadatasharing.Item id="284" uuid="f60acbeb-405e-4c23-8d4d-1b908a6005ff">
      <id>142452</id>
      <classname>org.openmrs.ConceptName</classname>
      <dateChanged id="285">2019-06-14 10:09:20</dateChanged>
    </org.openmrs.module.metadatasharing.Item>
    <org.openmrs.module.metadatasharing.Item id="286" uuid="17629752-7190-4265-ade9-01f1d0e2c6dd">
      <id>142453</id>
      <classname>org.openmrs.ConceptName</classname>
      <dateChanged id="287">2019-06-14 10:09:20</dateChanged>
    </org.openmrs.module.metadatasharing.Item>
    <org.openmrs.module.metadatasharing.Item id="288" uuid="a3cc733e-9c2e-4489-891b-a659ba11aa74">
      <id>142484</id>
      <classname>org.openmrs.ConceptName</classname>
      <dateChanged id="289">2019-06-16 20:53:30</dateChanged>
    </org.openmrs.module.metadatasharing.Item>
    <org.openmrs.module.metadatasharing.Item id="290" uuid="5cccbf24-26a9-4c92-b56e-71c3005dd94c">
      <id>142485</id>
      <classname>org.openmrs.ConceptName</classname>
      <dateChanged id="291">2019-06-16 20:53:30</dateChanged>
    </org.openmrs.module.metadatasharing.Item>
    <org.openmrs.module.metadatasharing.Item id="292" uuid="0f9cc478-2efc-4096-bb6b-971d9ec893ad">
      <id>142516</id>
      <classname>org.openmrs.ConceptName</classname>
      <dateChanged id="293">2019-06-17 08:07:08</dateChanged>
    </org.openmrs.module.metadatasharing.Item>
    <org.openmrs.module.metadatasharing.Item id="294" uuid="0bd343a4-7bf3-4184-89b9-127480defd95">
      <id>142517</id>
      <classname>org.openmrs.ConceptName</classname>
      <dateChanged id="295">2019-06-17 08:07:08</dateChanged>
    </org.openmrs.module.metadatasharing.Item>
    <org.openmrs.module.metadatasharing.Item id="296" uuid="0e489113-4381-42f3-a3ce-7250fc5bdd93">
      <id>142546</id>
      <classname>org.openmrs.ConceptName</classname>
      <dateChanged id="297">2019-06-17 08:24:08</dateChanged>
    </org.openmrs.module.metadatasharing.Item>
    <org.openmrs.module.metadatasharing.Item id="298" uuid="0dbcbd76-385a-43b6-ac94-48614a4a9b87">
      <id>142547</id>
      <classname>org.openmrs.ConceptName</classname>
      <dateChanged id="299">2019-06-17 08:24:08</dateChanged>
    </org.openmrs.module.metadatasharing.Item>
    <org.openmrs.module.metadatasharing.Item id="300" uuid="fbeb83a6-2fe4-4245-9251-4ae1e24d266d">
      <id>142460</id>
      <classname>org.openmrs.ConceptName</classname>
      <dateChanged id="301">2019-06-16 19:35:44</dateChanged>
    </org.openmrs.module.metadatasharing.Item>
    <org.openmrs.module.metadatasharing.Item id="302" uuid="782314fa-f139-423e-a691-5b76d0405e97">
      <id>142461</id>
      <classname>org.openmrs.ConceptName</classname>
      <dateChanged id="303">2019-06-16 19:35:44</dateChanged>
    </org.openmrs.module.metadatasharing.Item>
    <org.openmrs.module.metadatasharing.Item id="304" uuid="a51d4ea1-d5df-4ab4-ae4f-dad1773026e7">
      <id>142480</id>
      <classname>org.openmrs.ConceptName</classname>
      <dateChanged id="305">2019-06-16 20:10:16</dateChanged>
    </org.openmrs.module.metadatasharing.Item>
    <org.openmrs.module.metadatasharing.Item id="306" uuid="b678dd5b-376e-4690-80ff-fdeb0a534807">
      <id>142481</id>
      <classname>org.openmrs.ConceptName</classname>
      <dateChanged id="307">2019-06-16 20:10:16</dateChanged>
    </org.openmrs.module.metadatasharing.Item>
    <org.openmrs.module.metadatasharing.Item id="308" uuid="aeea1058-5238-4f62-bd3d-c4f63d28caca">
      <id>142550</id>
      <classname>org.openmrs.ConceptName</classname>
      <dateChanged id="309">2019-06-17 08:25:34</dateChanged>
    </org.openmrs.module.metadatasharing.Item>
    <org.openmrs.module.metadatasharing.Item id="310" uuid="d14209aa-607f-43a5-a25c-caf5b6d5bf90">
      <id>142551</id>
      <classname>org.openmrs.ConceptName</classname>
      <dateChanged id="311">2019-06-17 08:25:34</dateChanged>
    </org.openmrs.module.metadatasharing.Item>
    <org.openmrs.module.metadatasharing.Item id="312" uuid="7c92fd27-d19d-4715-8d0e-64bf20cf2b8d">
      <id>142478</id>
      <classname>org.openmrs.ConceptName</classname>
      <dateChanged id="313">2019-06-16 20:07:42</dateChanged>
    </org.openmrs.module.metadatasharing.Item>
    <org.openmrs.module.metadatasharing.Item id="314" uuid="13938e2a-00fd-498e-a6e0-1e72d170c75b">
      <id>142479</id>
      <classname>org.openmrs.ConceptName</classname>
      <dateChanged id="315">2019-06-16 20:07:42</dateChanged>
    </org.openmrs.module.metadatasharing.Item>
    <org.openmrs.module.metadatasharing.Item id="316" uuid="a731b258-62a0-4676-8c29-04868f6a1ba9">
      <id>142458</id>
      <classname>org.openmrs.ConceptName</classname>
      <dateChanged id="317">2019-06-16 19:35:06</dateChanged>
    </org.openmrs.module.metadatasharing.Item>
    <org.openmrs.module.metadatasharing.Item id="318" uuid="f014804e-a5fd-486d-bc3a-b11b93c1bae2">
      <id>142459</id>
      <classname>org.openmrs.ConceptName</classname>
      <dateChanged id="319">2019-06-16 19:35:06</dateChanged>
    </org.openmrs.module.metadatasharing.Item>
    <org.openmrs.module.metadatasharing.Item id="320" uuid="f053d577-dc86-44f5-af33-b883a5a50624">
      <id>142450</id>
      <classname>org.openmrs.ConceptName</classname>
      <dateChanged id="321">2019-06-14 10:08:08</dateChanged>
    </org.openmrs.module.metadatasharing.Item>
    <org.openmrs.module.metadatasharing.Item id="322" uuid="bb2580d4-f159-458f-a8ef-6c0f6d0a4dcc">
      <id>142451</id>
      <classname>org.openmrs.ConceptName</classname>
      <dateChanged id="323">2019-06-14 10:08:08</dateChanged>
    </org.openmrs.module.metadatasharing.Item>
    <org.openmrs.module.metadatasharing.Item id="324" uuid="85844698-fbd3-401f-964f-daf41e3c4088">
      <id>142522</id>
      <classname>org.openmrs.ConceptName</classname>
      <dateChanged id="325">2019-06-17 08:10:24</dateChanged>
    </org.openmrs.module.metadatasharing.Item>
    <org.openmrs.module.metadatasharing.Item id="326" uuid="b392ca5f-e206-4d0c-bcf4-8a3bfdb7bfbe">
      <id>142523</id>
      <classname>org.openmrs.ConceptName</classname>
      <dateChanged id="327">2019-06-17 08:10:24</dateChanged>
    </org.openmrs.module.metadatasharing.Item>
    <org.openmrs.module.metadatasharing.Item id="328" uuid="2dcfe4e2-05d6-4d9e-857f-f9491654e18c">
      <id>142552</id>
      <classname>org.openmrs.ConceptName</classname>
      <dateChanged id="329">2019-06-17 08:26:16</dateChanged>
    </org.openmrs.module.metadatasharing.Item>
    <org.openmrs.module.metadatasharing.Item id="330" uuid="885749f4-ad32-46b3-adaa-adb62f95fdcd">
      <id>142553</id>
      <classname>org.openmrs.ConceptName</classname>
      <dateChanged id="331">2019-06-17 08:26:16</dateChanged>
    </org.openmrs.module.metadatasharing.Item>
    <org.openmrs.module.metadatasharing.Item id="332" uuid="25f40cb6-86cd-45bb-a044-35da705bef6a">
      <id>142468</id>
      <classname>org.openmrs.ConceptName</classname>
      <dateChanged id="333">2019-06-16 19:38:16</dateChanged>
    </org.openmrs.module.metadatasharing.Item>
    <org.openmrs.module.metadatasharing.Item id="334" uuid="4c8bba3e-7aa3-4e7a-973d-4abfb55720b3">
      <id>142469</id>
      <classname>org.openmrs.ConceptName</classname>
      <dateChanged id="335">2019-06-16 19:38:16</dateChanged>
    </org.openmrs.module.metadatasharing.Item>
    <org.openmrs.module.metadatasharing.Item id="336" uuid="f009af9c-0289-45c3-9d7f-0aac511f4a42">
      <id>142470</id>
      <classname>org.openmrs.ConceptName</classname>
      <dateChanged id="337">2019-06-16 19:38:49</dateChanged>
    </org.openmrs.module.metadatasharing.Item>
    <org.openmrs.module.metadatasharing.Item id="338" uuid="7505983c-fca8-44f6-bb8d-ec2e970463d2">
      <id>142471</id>
      <classname>org.openmrs.ConceptName</classname>
      <dateChanged id="339">2019-06-16 19:38:49</dateChanged>
    </org.openmrs.module.metadatasharing.Item>
    <org.openmrs.module.metadatasharing.Item id="340" uuid="3067dabb-0d91-4d56-9da1-6d73f9619255">
      <id>142510</id>
      <classname>org.openmrs.ConceptName</classname>
      <dateChanged id="341">2019-06-17 08:04:21</dateChanged>
    </org.openmrs.module.metadatasharing.Item>
    <org.openmrs.module.metadatasharing.Item id="342" uuid="d3b9bccf-2a8c-4d20-905b-bac79def9d70">
      <id>142511</id>
      <classname>org.openmrs.ConceptName</classname>
      <dateChanged id="343">2019-06-17 08:04:21</dateChanged>
    </org.openmrs.module.metadatasharing.Item>
    <org.openmrs.module.metadatasharing.Item id="344" uuid="cc479e15-74c2-4e4a-b0e0-4735c4b7b765">
      <id>142560</id>
      <classname>org.openmrs.ConceptName</classname>
      <dateChanged id="345">2019-06-17 08:29:22</dateChanged>
    </org.openmrs.module.metadatasharing.Item>
    <org.openmrs.module.metadatasharing.Item id="346" uuid="28651cf8-70c9-40dc-a71b-9be2fb661e79">
      <id>142561</id>
      <classname>org.openmrs.ConceptName</classname>
      <dateChanged id="347">2019-06-17 08:29:22</dateChanged>
    </org.openmrs.module.metadatasharing.Item>
    <org.openmrs.module.metadatasharing.Item id="348" uuid="cb83414c-e10b-48fc-9bcd-94806d6413b5">
      <id>142562</id>
      <classname>org.openmrs.ConceptName</classname>
      <dateChanged id="349">2019-06-17 08:30:18</dateChanged>
    </org.openmrs.module.metadatasharing.Item>
    <org.openmrs.module.metadatasharing.Item id="350" uuid="3a7d39a7-9140-4899-b6d6-c34109d7e284">
      <id>142563</id>
      <classname>org.openmrs.ConceptName</classname>
      <dateChanged id="351">2019-06-17 08:30:18</dateChanged>
    </org.openmrs.module.metadatasharing.Item>
    <org.openmrs.module.metadatasharing.Item id="352" uuid="1271a3c4-a4e1-4e09-a2f2-ad0f7fb70f3a">
      <id>142448</id>
      <classname>org.openmrs.ConceptName</classname>
      <dateChanged id="353">2019-06-13 18:13:02</dateChanged>
    </org.openmrs.module.metadatasharing.Item>
    <org.openmrs.module.metadatasharing.Item id="354" uuid="a399ce22-d60e-4fb1-81ea-29a445cbf781">
      <id>142449</id>
      <classname>org.openmrs.ConceptName</classname>
      <dateChanged id="355">2019-06-13 18:13:02</dateChanged>
    </org.openmrs.module.metadatasharing.Item>
    <org.openmrs.module.metadatasharing.Item id="356" uuid="0ac5a909-5433-484c-ab9b-b87fe5df9d4a">
      <id>142528</id>
      <classname>org.openmrs.ConceptName</classname>
      <dateChanged id="357">2019-06-17 08:17:14</dateChanged>
    </org.openmrs.module.metadatasharing.Item>
    <org.openmrs.module.metadatasharing.Item id="358" uuid="2aee1471-5df6-4aaf-8314-50c9f18a86e2">
      <id>142529</id>
      <classname>org.openmrs.ConceptName</classname>
      <dateChanged id="359">2019-06-17 08:17:14</dateChanged>
    </org.openmrs.module.metadatasharing.Item>
    <org.openmrs.module.metadatasharing.Item id="360" uuid="98ecd70f-d6a8-418b-bf48-b05d9b7109bc">
      <id>142540</id>
      <classname>org.openmrs.ConceptName</classname>
      <dateChanged id="361">2019-06-17 08:21:52</dateChanged>
    </org.openmrs.module.metadatasharing.Item>
    <org.openmrs.module.metadatasharing.Item id="362" uuid="cc5e0a6a-8479-4e14-89a5-f221dfbc4944">
      <id>142541</id>
      <classname>org.openmrs.ConceptName</classname>
      <dateChanged id="363">2019-06-17 08:21:52</dateChanged>
    </org.openmrs.module.metadatasharing.Item>
    <org.openmrs.module.metadatasharing.Item id="364" uuid="8fbcb2ae-49f6-4b12-abd1-70c0a3b8a8ce">
      <id>142500</id>
      <classname>org.openmrs.ConceptName</classname>
      <dateChanged id="365">2019-06-17 07:58:18</dateChanged>
    </org.openmrs.module.metadatasharing.Item>
    <org.openmrs.module.metadatasharing.Item id="366" uuid="f9fb30ff-7eee-4712-8b96-1e08f53e0769">
      <id>142501</id>
      <classname>org.openmrs.ConceptName</classname>
      <dateChanged id="367">2019-06-17 07:58:18</dateChanged>
    </org.openmrs.module.metadatasharing.Item>
    <org.openmrs.module.metadatasharing.Item id="368" uuid="d8487771-93e3-48ee-90e3-2605f2deaa00">
      <id>142472</id>
      <classname>org.openmrs.ConceptName</classname>
      <dateChanged id="369">2019-06-16 19:39:32</dateChanged>
    </org.openmrs.module.metadatasharing.Item>
    <org.openmrs.module.metadatasharing.Item id="370" uuid="c9cf5aee-7fa8-4e2e-a371-3ae4fd19dc96">
      <id>142473</id>
      <classname>org.openmrs.ConceptName</classname>
      <dateChanged id="371">2019-06-16 19:39:32</dateChanged>
    </org.openmrs.module.metadatasharing.Item>
  </relatedItems>
</package>
